,,,,,,,,,,,,,,,,,,,,,,,,,,1.05,,12,,,,,,,,,,,,,,,,,,,,,,,
Category,Ad Name,Concept,Headline,Problem,Solution,Offer Style,CTA Text,CTA Position,Social Proof,Emotion,Brand,Urgency,Contrast,Color,Headline CC,impressions,clicks,spend,leads,matched_leads,booked_appts,issued_appts,net_sales,partner_rev,hs_revenue,roas,nmc,bar,creative_url,creative_id,creative_type,view_leads,video_views,p_95_video_views,,Concepts+Problem+Color,Concepts+Headline+CTAText,Concepts+Headline,,,,,High ROAS & High BAR,High ROAS & Low BAR,Low ROAS & High BAR,Low ROAS & Low BAR,Quadrants,Champion Ads,CM Only Ads,Quality Ads Only,Loser Ads
Windows,BeautyShot_V1_BNPLEvergreenOffer__IMG_LearnMore_,Promos & Offers,buy now pay later,Cost/Price,Affordability,BNPL / $0 Down / Financing,Act Now to Claim This Offer,Bottom Right,None,Urgency/FOMO,Prominent Logo,Limited Time Offer,High,Warm,≤25,67059,369,1952.22,14,10,1,1,1,13627.58,1500,0.7683560254,0.1100709003,10,https://scontent-iad3-2.xx.fbcdn.net/v/t45.1600-4/523496745_1079364613787175_8269017604398404187_n.png?stp=dst-jpg_tt6&_nc_cat=105&ccb=1-7&_nc_sid=890911&_nc_ohc=fZqP45QIgwUQ7kNvwFIo9tp&_nc_oc=AdlhXOt-WUAoVDbmnB74uMU_NJkaSEFJcqbDdW7hiLJ6rfWMXQj7gHCL9EzF95ugvdQ&_nc_zt=1&_nc_ht=scontent-iad3-2.xx&edm=AAT1rw8EAAAA&_nc_gid=p9aad7N-wF4R7gSflohzdA&oh=00_AfbRJCFRNpJ-fUpV58uPzv6ZDOuQxDdBNvSR-RWsU8nBow&oe=68D8CC65,24912122105051622,IMG,1,3,0,,Promos & Offers+Cost/Price+Warm,Promos & Offers+buy now pay later+Act Now to Claim This Offer,Promos & Offers+buy now pay later,,,,,0,0,0,1,Low ROAS & Low BAR,Other,Other,Other,Low ROAS & Low BAR
Windows,BeautyShot_V2_BNPLEvergreenOffer__IMG_LearnMore_,Promos & Offers,buy now pay later,Cost/Price,Affordability,BNPL / $0 Down / Financing,Act Now to Claim This Offer,Bottom Right,None,Urgency/FOMO,Prominent Logo,Limited Time Offer,High,Warm,≤25,1864238,6847,51643.82,415,343,64,30,3,65388,51450,1.002056006,0.7914296201,18.65889213,https://scontent-iad3-1.xx.fbcdn.net/v/t45.1600-4/523979476_1523126929096157_2942751529007978992_n.png?stp=dst-jpg_tt6&_nc_cat=109&ccb=1-7&_nc_sid=890911&_nc_ohc=w-fBBCKiRL8Q7kNvwGg8QZQ&_nc_oc=AdmYkGKz28Gxg4OPGLUbjf-zes5slvnH6Feemb5Fdm6o9SoWS8LWiUsg7JrijWiabJs&_nc_zt=1&_nc_ht=scontent-iad3-1.xx&edm=AAT1rw8EAAAA&_nc_gid=p9aad7N-wF4R7gSflohzdA&oh=00_AfY7TpP5FeVFlQpdfMc_l7vTWpoPEE9ZneCYpQQqFH3gsQ&oe=68D8DBF5,1453814615960728,IMG,3,354,4,,Promos & Offers+Cost/Price+Warm,Promos & Offers+buy now pay later+Act Now to Claim This Offer,Promos & Offers+buy now pay later,,,,,0,0,1,0,Low ROAS & High BAR,Other,Other,Low ROAS & High BAR,Other
Windows,BeautyShot_V2_BNPLEvergreenOffer__IMG_LearnMore_lead,Promos & Offers,buy now pay later,Cost/Price,Affordability,BNPL / $0 Down / Financing,Don't miss out on this offer,Bottom Right,None,Urgency/FOMO,Prominent Logo,Limited Time Offer,High,Warm,≤25,41416,194,1475.19,12,8,0,0,0,0,1200,0.9151363553,0,0,https://scontent-iad3-1.xx.fbcdn.net/v/t45.1600-4/520278488_1498898471072834_8140293143246782865_n.png?stp=dst-jpg_tt6&_nc_cat=109&ccb=1-7&_nc_sid=890911&_nc_ohc=3SLqd-5oiXYQ7kNvwGMl7Ox&_nc_oc=AdmJou-EH-8VZz7BGZEaFRAvQi9jNW9TSKCohpo6dx4_nLmXcK8qnKEvS1bYRz1oMrA&_nc_zt=1&_nc_ht=scontent-iad3-1.xx&edm=AAT1rw8EAAAA&_nc_gid=LfmuArsXQvmCw-cnDWhW1A&oh=00_AfY38k4vH3KPijViOUFFK7eKbvRxxcW3VBVX6qXbVnCocg&oe=68C5A6C1,2776610525862993,IMG,1,3,0,,Promos & Offers+Cost/Price+Warm,Promos & Offers+buy now pay later+Don't miss out on this offer,Promos & Offers+buy now pay later,,,,,0,0,0,1,Low ROAS & Low BAR,Other,Other,Other,Low ROAS & Low BAR
Windows,BeautyShot_V3_BNPLEvergreenOffer__IMG_LearnMore_,Promos & Offers,buy now pay later,Cost/Price,Affordability,BNPL / $0 Down / Financing,Act Now to Claim This Offer,Bottom Right,None,Urgency/FOMO,Prominent Logo,Limited Time Offer,High,Warm,≤25,580607,2343,16163.63,125,94,22,19,8,222336.26,14100,0.8723288024,0.06341745606,23.40425532,https://scontent-iad3-1.xx.fbcdn.net/v/t45.1600-4/523928364_1729616241020327_5481099485143064330_n.png?stp=dst-jpg_tt6&_nc_cat=102&ccb=1-7&_nc_sid=890911&_nc_ohc=MESYmXo6ekIQ7kNvwG4YjNb&_nc_oc=Adk1EdC160VNGLG5zBBhSSrf-j0i5_9QFfXHvE5kbd2MB2BynA0na_pjBT1X19sDhXg&_nc_zt=1&_nc_ht=scontent-iad3-1.xx&edm=AAT1rw8EAAAA&_nc_gid=nWkyeKN5-iuTV2SVjpMRkg&oh=00_AfYaAPNX9t2y4Nfjx7jLDACMNxhGo2Dp13WbVrSEjQFa_g&oe=68C59E23,2137258413446729,IMG,0,109,0,,Promos & Offers+Cost/Price+Warm,Promos & Offers+buy now pay later+Act Now to Claim This Offer,Promos & Offers+buy now pay later,,,,,0,0,1,0,Low ROAS & High BAR,Other,Other,Low ROAS & High BAR,Other
Windows,BeautyShot_V4_BNPLEvergreenOffer__IMG_LearnMore_lead,Promos & Offers,buy now pay later,Cost/Price,Affordability,BNPL / $0 Down / Financing,Get this only offer,Bottom Right,None,Urgency/FOMO,Prominent Logo,Limited Time Offer,High,Warm,≤25,27599,96,1703.9,3,3,0,0,0,0,450,0.2641000059,0,0,,1851741628722913,IMG,0,4,0,,Promos & Offers+Cost/Price+Warm,Promos & Offers+buy now pay later+Get this only offer,Promos & Offers+buy now pay later,,,,,0,0,0,1,Low ROAS & Low BAR,Other,Other,Other,Low ROAS & Low BAR
Windows,BeautyShot_V5_BNPLEvergreenOffer__IMG_LearnMore_,Promos & Offers,buy now pay later,Cost/Price,Affordability,BNPL / $0 Down / Financing,Act Now to Claim This Offer,Bottom Right,None,Urgency/FOMO,Prominent Logo,Limited Time Offer,Mid,Cool,≤25,354728,1635,11482.9,103,82,14,9,0,0,12300,1.071157983,0,17.07317073,https://scontent-iad3-2.xx.fbcdn.net/v/t45.1600-4/523904400_1290901799225290_1547919489652125430_n.png?stp=dst-jpg_tt6&_nc_cat=111&ccb=1-7&_nc_sid=890911&_nc_ohc=cDrCG9T6vXIQ7kNvwGorwbX&_nc_oc=AdkYW7OOQF-uQVm7nl612Jd0djn3dLYfw3bRnw3G18wgtSS3W-0lglx1VnQtvA7wgK4&_nc_zt=1&_nc_ht=scontent-iad3-2.xx&edm=AAT1rw8EAAAA&_nc_gid=noF-w9YNWFGWnotm3q7Y9Q&oh=00_AfZtMu_mRbbuMZyB16DsBuswPIs45cBBpnBrXcD2G93h-g&oe=68C4AA76,2835445373308781,IMG,3,72,0,,Promos & Offers+Cost/Price+Cool,Promos & Offers+buy now pay later+Act Now to Claim This Offer,Promos & Offers+buy now pay later,,,,,1,0,0,0,High ROAS & High BAR,High ROAS & High BAR,Other,Other,Other
Windows,BeforeAfter_ClickyNumberWindowsBrand_V2_IMG_LearnMore_,BEAF Images,curious about replacing your windows?,Outdated  ,Beauty/Modernization,None,tap how many windows you need replaced,Bottom Center,None,Pride/Home Upgrade,Prominent Logo,None,Mid,Cool,26–45,100070,460,3541.24,51,35,3,2,0,0,5250,1.482531543,0,8.571428571,https://scontent-iad3-2.xx.fbcdn.net/v/t45.1600-4/524732483_1264960821939673_7939941906664181904_n.png?stp=dst-jpg_tt6&_nc_cat=105&ccb=1-7&_nc_sid=890911&_nc_ohc=b4_6soTb42cQ7kNvwHOj-5m&_nc_oc=AdlQN--qxsHkhqC-Q_Z0VNUhDt2T2Tp86nlDkUyWwxGs4EOPGG-8LA_dsCrUXOcduts&_nc_zt=1&_nc_ht=scontent-iad3-2.xx&edm=AAT1rw8EAAAA&_nc_gid=t7DilR3MrGXi533WKiV6xA&oh=00_AfbhVV6u2zAYiPX7k9ryaQoIzRHdm8A3tqkB1XcL4-0mhQ&oe=68C59835,1077977611135424,IMG,1,15,0,,BEAF Images+Outdated  +Cool,BEAF Images+curious about replacing your windows?+tap how many windows you need replaced,BEAF Images+curious about replacing your windows?,,,,,0,1,0,0,High ROAS & Low BAR,Other,High ROAS & Low BAR,Other,Other
Windows,BeforeAfter_ClickyNumberWindowsBrand_V3_IMG_LearnMore_,BEAF Images,curious about replacing your windows?,Outdated  ,Beauty/Modernization,None,tap how many windows you need replaced,Bottom Center,None,Pride/Home Upgrade,Prominent Logo,None,Mid,Cool,26–45,1182935,5172,18706.53,216,180,27,17,4,325134,27000,1.443346254,0.08304268394,15,https://scontent-iad3-1.xx.fbcdn.net/v/t45.1600-4/524386464_1151834420106796_5722372765798221673_n.png?stp=dst-jpg_tt6&_nc_cat=104&ccb=1-7&_nc_sid=890911&_nc_ohc=WpKdfn6qFVcQ7kNvwF99oIT&_nc_oc=Adlq72Dv3EZ4IkOuvNBo3J0-MqqUSfx0fP54cMB-aahayaRpb9dSEv-IizJZX16vhJk&_nc_zt=1&_nc_ht=scontent-iad3-1.xx&edm=AAT1rw8EAAAA&_nc_gid=qQmJTzVmfwtBwhvUPJhPEA&oh=00_AfZ_9193YWHCbwzZPLdGEcA6aMrhG4wSxftIxTANdSXDiw&oe=68E2B55D,747656201762591,IMG,0,64,0,,BEAF Images+Outdated  +Cool,BEAF Images+curious about replacing your windows?+tap how many windows you need replaced,BEAF Images+curious about replacing your windows?,,,,,1,0,0,0,High ROAS & High BAR,High ROAS & High BAR,Other,Other,Other
Windows,BeforeAfter_ClickyNumberWindowsBrand_V4_IMG_LearnMore_,BEAF Images,curious about replacing your windows?,Outdated  ,Beauty/Modernization,None,tap how many windows you need replaced,Bottom Center,None,Pride/Home Upgrade,Prominent Logo,None,High,Cool,26–45,255760,810,5793.13,55,30,3,1,0,0,4500,0.776782154,0,10,https://scontent-iad3-1.xx.fbcdn.net/v/t45.1600-4/525012496_4116368105284990_84911117734127990_n.png?stp=dst-jpg_tt6&_nc_cat=109&ccb=1-7&_nc_sid=890911&_nc_ohc=vu6ZQmdZbHwQ7kNvwGMyvmH&_nc_oc=AdmB3FS2WpULHwkZ2oenX8FVxwHqc-nzRN0s8Sp-JTZzDvsbYtqP8Y7FXPNeG7p7GSY&_nc_zt=1&_nc_ht=scontent-iad3-1.xx&edm=AAT1rw8EAAAA&_nc_gid=WHqbmefS91w5AL8_6LXmhA&oh=00_AfZXc3OnN92Nv_U2qciW5VdgeRvVr9WooE4ooq2UJ0_KAQ&oe=68D8CE8D,744817092044493,IMG,0,0,0,,BEAF Images+Outdated  +Cool,BEAF Images+curious about replacing your windows?+tap how many windows you need replaced,BEAF Images+curious about replacing your windows?,,,,,0,0,0,1,Low ROAS & Low BAR,Other,Other,Other,Low ROAS & Low BAR
Windows,BeforeAfter_Cost_V1_IMG_LearnMore_,BEAF Images,how much should new windows actually cost in 2025?,Drafty/Old/Leaky/Broken,Beauty/Modernization,None,Tap To Find Out More,Bottom Center,None,Curiosity/Exploratory,No Logo,None,High,Warm,26–45,97154,608,1292.96,4,3,0,0,0,0,450,0.3480386091,0,0,https://scontent-iad3-2.xx.fbcdn.net/v/t45.1600-4/518870497_710944375243617_7249016824776883058_n.jpg?_nc_cat=106&ccb=1-7&_nc_sid=890911&_nc_ohc=2nkYsGYWdfoQ7kNvwElZxIg&_nc_oc=Adm0M4dj2hMuzprVwQ7nauX9QsmuDqH6XePzXX6_6rfoPRx4ylqe04kbb0MCXwKLmGI&_nc_zt=1&_nc_ht=scontent-iad3-2.xx&edm=AAT1rw8EAAAA&_nc_gid=XUpxZBUar-AaEm22pl4Yjw&oh=00_AfbVpwPI8qj6tidPgm3o8aT596IR7FINjMB3_yVvkkdiPg&oe=68C59733,2576191936065916,IMG,0,1,0,,BEAF Images+Drafty/Old/Leaky/Broken+Warm,BEAF Images+how much should new windows actually cost in 2025?+Tap To Find Out More,BEAF Images+how much should new windows actually cost in 2025?,,,,,0,0,0,1,Low ROAS & Low BAR,Other,Other,Other,Low ROAS & Low BAR
Windows,Clicky_NumberWindowsBrand_V2_IMG_LearnMore_,Clicky Images,ready for new windows?,Outdated  ,Beauty/Modernization,None,tap how many windows you need replaced,Bottom Center,None,Pride/Home Upgrade,Prominent Logo,None,Mid,Cool,≤25,676217,3216,10634.01,81,62,11,9,1,45156,9300,0.8745524971,0.2059526973,17.74193548,https://scontent-iad3-2.xx.fbcdn.net/v/t45.1600-4/514189804_714490281194897_8827955731591923313_n.png?stp=dst-jpg_tt6&_nc_cat=105&ccb=1-7&_nc_sid=890911&_nc_ohc=lqqyUQFFgE0Q7kNvwG24oh2&_nc_oc=Admr2iyt34drhxxBGaescfmWEx_CgXEIjSv3tVgMIwpC6lHi1_dj5pkxp0Gl_IMfUWw&_nc_zt=1&_nc_ht=scontent-iad3-2.xx&edm=AAT1rw8EAAAA&_nc_gid=sm7iSxDsQGkCOcDln8UAhQ&oh=00_AfaAkhbwxvwFrRx2OkKB5eGZfA8Cxa0h2Fidt2gvJLSskQ&oe=68E2CB70,3961447020773746,IMG,1,1,0,,Clicky Images+Outdated  +Cool,Clicky Images+ready for new windows?+tap how many windows you need replaced,Clicky Images+ready for new windows?,,,,,0,0,1,0,Low ROAS & High BAR,Other,Other,Low ROAS & High BAR,Other
Windows,Clicky_NumberWindowsBrand_V3_IMG_LearnMore_,Clicky Images,curious about replacing your windows?,Outdated  ,Beauty/Modernization,None,tap how many windows you need replaced,Bottom Center,None,Curiosity/Exploratory,Prominent Logo,None,Mid,Cool,26–45,110430,717,1500.5,24,13,1,1,1,18829,1950,1.299566811,0.1035636518,7.692307692,https://scontent-iad3-2.xx.fbcdn.net/v/t45.1600-4/518736241_749163570965724_6777712529065811754_n.jpg?_nc_cat=111&ccb=1-7&_nc_sid=890911&_nc_ohc=QRswRDWrv6QQ7kNvwHv78lp&_nc_oc=Adk8pSKg1urbI47nD_uthYQ9Nh3ecaJTgm-qI9NW4i5l5NiagPN8SVXBn2nSDo6Dir0&_nc_zt=1&_nc_ht=scontent-iad3-2.xx&edm=AAT1rw8EAAAA&_nc_gid=i10yfCEBYNlIv_2D-xPg1g&oh=00_AfZRDk8kdxj8G3Na3G9qLYxaA7oEoQfacOx4SEBXL4BP-Q&oe=68E2EC59,1133176755291784,IMG,1,0,0,,Clicky Images+Outdated  +Cool,Clicky Images+curious about replacing your windows?+tap how many windows you need replaced,Clicky Images+curious about replacing your windows?,,,,,0,1,0,0,High ROAS & Low BAR,Other,High ROAS & Low BAR,Other,Other
Windows,Clicky_StateBrand_Cost_IMG_LearnMore_,Clicky Images,curious what new windows should cost you?,Cost/Price,Affordability,None,Tap your state to learn more!,Center Overlay,None,Curiosity/Exploratory,Prominent Logo,None,Mid,Cool,26–45,501602,4363,12805.85,167,120,22,16,0,0,18000,1.405607593,0,18.33333333,https://scontent-iad3-2.xx.fbcdn.net/v/t45.1600-4/511734098_1955130175233245_5101499800319309626_n.png?stp=dst-jpg_tt6&_nc_cat=111&ccb=1-7&_nc_sid=890911&_nc_ohc=iSo1FhcBIe0Q7kNvwFqJJgy&_nc_oc=AdmfVqCpPFR0mxABFHoRLHkLihds5MsSY2Lxutc8AHMWsX3uXsV-sjqwjGzrJS9ubo4&_nc_zt=1&_nc_ht=scontent-iad3-2.xx&edm=AAT1rw8EAAAA&_nc_gid=yqrdV5zEKQ56gBeT_OP1AA&oh=00_AfZKtMeV6KCaT_z738twJ9CYEwE2Lo-dsQ-9M_DjIqmvxg&oe=68C4A47D,1235313181412362,IMG,1,4,0,,Clicky Images+Cost/Price+Cool,Clicky Images+curious what new windows should cost you?+Tap your state to learn more!,Clicky Images+curious what new windows should cost you?,,,,,1,0,0,0,High ROAS & High BAR,High ROAS & High BAR,Other,Other,Other
Windows,Clicky_StateBrand_EnergyBills_IMG_LearnMore_,Clicky Images,new windows could help you save on energy bills,High Bills,Energy Efficiency,None,Tap your state to learn more!,Center Overlay,None,Relief/Comfort,Prominent Logo,None,Mid,Cool,26–45,192261,1597,1982.15,14,5,0,0,0,0,750,0.3783770149,0,0,https://scontent-iad3-2.xx.fbcdn.net/v/t45.1600-4/498944742_23879847971706414_4518421273639078573_n.png?stp=dst-jpg_tt6&_nc_cat=103&ccb=1-7&_nc_sid=890911&_nc_ohc=sCAKxW82_TsQ7kNvwGPNDpp&_nc_oc=AdmmYG4cF_yVx3tVmzHGJ-p4S34K84MSAu3EQnu-3MtJyuUqvwY9NoOjyr0RVaGHafo&_nc_zt=1&_nc_ht=scontent-iad3-2.xx&edm=AAT1rw8EAAAA&_nc_gid=cXNRrrP28wdAKfP9_d1m6Q&oh=00_AfYjAxoIK0IfodufVMc0ktDPSplYNCDndRwblERH1T8oFA&oe=68C4BAC7,2602652710088209,IMG,1,0,0,,Clicky Images+High Bills+Cool,Clicky Images+new windows could help you save on energy bills+Tap your state to learn more!,Clicky Images+new windows could help you save on energy bills,,,,,0,0,0,1,Low ROAS & Low BAR,Other,Other,Other,Low ROAS & Low BAR
Windows,Clicky_StateBrand_Offers_IMG_LearnMore_,Clicky Images,special offers on window replacements,Cost/Price,Affordability,None,Tap your state to learn more!,Center Overlay,None,Urgency/FOMO,Prominent Logo,Limited Time Offer,High,Cool,26–45,169300,1908,5410.71,65,47,8,6,2,96297,7050,1.330694123,0.07476868438,17.0212766,https://scontent-iad3-1.xx.fbcdn.net/v/t45.1600-4/518821267_1811191406408997_7526535513163691906_n.jpg?_nc_cat=110&ccb=1-7&_nc_sid=890911&_nc_ohc=DXmHLh7c3-cQ7kNvwG5ngGL&_nc_oc=Adn2DBpk_mIm-oTizQyPLQXzsqml0IQzRve1VE3bB24dVSdAI8tA2OOnHYv7rnIJW64&_nc_zt=1&_nc_ht=scontent-iad3-1.xx&edm=AAT1rw8EAAAA&_nc_gid=ZCWK7PNRMAZ0QphRrkRQXQ&oh=00_AfaqN0CP8TrgmKNd8eeJc4ER8B0a90IqOAsUvZWHEjggTg&oe=68C5A60E,1752088162071303,IMG,0,14,0,,Clicky Images+Cost/Price+Cool,Clicky Images+special offers on window replacements+Tap your state to learn more!,Clicky Images+special offers on window replacements,,,,,1,0,0,0,High ROAS & High BAR,High ROAS & High BAR,Other,Other,Other
Windows,Clicky_V1_Cost_HowMuchshouldXActuallyCostin2025_IMG_Square_,Clicky Images,how much should new windows actually cost in 2025?,Cost/Price,Affordability,None,Tap how many windows you need replaced,Center Overlay,None,Curiosity/Exploratory,No Logo,None,Mid,Warm,26–45,8572373,70536,168378.93,1990,1726,179,114,21,696574.02,258900,1.539385005,0.3721069011,10.37079954,https://scontent-iad3-1.xx.fbcdn.net/v/t45.1600-4/517215955_1254814949682199_3402503473777735930_n.jpg?_nc_cat=108&ccb=1-7&_nc_sid=890911&_nc_ohc=oL7rgjf7kM4Q7kNvwEcRfgc&_nc_oc=Adm9lZB5G-Q8OlrsTYwEj2eREYJyAudJTntaYn7UE4oCYKlKNYx26TGXmUbl3YCSKDc&_nc_zt=1&_nc_ht=scontent-iad3-1.xx&edm=AAT1rw8EAAAA&_nc_gid=i10yfCEBYNlIv_2D-xPg1g&oh=00_AfYy4NSRApLHVDwQmNQ-cpmj1P8nnqe7kUenq810UKNpEg&oe=68E2B700,1436263190978686,IMG,9,7,0,,Clicky Images+Cost/Price+Warm,Clicky Images+how much should new windows actually cost in 2025?+Tap how many windows you need replaced,Clicky Images+how much should new windows actually cost in 2025?,,,,,0,1,0,0,High ROAS & Low BAR,Other,High ROAS & Low BAR,Other,Other
Windows,Clicky_V2_Cost_HowMuchDoesXActuallyCost_IMG_Square_,Clicky Images,how much should new windows actually cost?,Cost/Price,Affordability,None,How many windows do you have in your home,Center Overlay,None,Curiosity/Exploratory,No Logo,None,Mid,Cool,26–45,95493,744,1877.96,14,8,0,0,0,0,1200,0.6389912458,0,0,https://scontent-iad3-1.xx.fbcdn.net/v/t45.1600-4/516790572_1053933459761050_4276381032824078281_n.jpg?_nc_cat=104&ccb=1-7&_nc_sid=890911&_nc_ohc=4JenMrMJfXEQ7kNvwFqNDM5&_nc_oc=AdkV8yKPlE81v2veG0CXHilwxNF20KITvL3QeR0oI_Hb7W-NmbU03FHARgFj7xnnojQ&_nc_zt=1&_nc_ht=scontent-iad3-1.xx&edm=AAT1rw8EAAAA&_nc_gid=i10yfCEBYNlIv_2D-xPg1g&oh=00_Afazs9_R_iaSbY1cCIhbSD87Uiny5EQKkrklKbTHf-uWWQ&oe=68E2BA4C,1429178791783690,IMG,0,5,0,,Clicky Images+Cost/Price+Cool,Clicky Images+how much should new windows actually cost?+How many windows do you have in your home,Clicky Images+how much should new windows actually cost?,,,,,0,0,0,1,Low ROAS & Low BAR,Other,Other,Other,Low ROAS & Low BAR
Windows,Clicky_V3_Cost_HowMuchDoesXActuallyCost_IMG_Square_,Clicky Images,how much should new windows actually cost?,Cost/Price,Affordability,None,How many windows do you have in your home,Center Overlay,None,Curiosity/Exploratory,No Logo,None,High,Warm,26–45,105956,947,3431.57,35,21,3,2,0,0,3150,0.9179471787,0,14.28571429,,1121196123362303,IMG,0,0,0,,Clicky Images+Cost/Price+Warm,Clicky Images+how much should new windows actually cost?+How many windows do you have in your home,Clicky Images+how much should new windows actually cost?,,,,,0,0,1,0,Low ROAS & High BAR,Other,Other,Low ROAS & High BAR,Other
Windows,Clickylavin_v2_Cost_hereswhatXshouldactuallycostyou_IMG_LearnMore_,Clicky Images,here's what windows should cost you in 2025,Cost/Price,Affordability,None,Tap your state to get prices,Center Overlay,None,Curiosity/Exploratory,No Logo,None,High,Cool,26–45,1224947,20825,25256.76,260,216,22,12,3,105665,32400,1.282824875,0.3066294421,10.18518519,,23891067107152828,IMG,1,1,0,,Clicky Images+Cost/Price+Cool,Clicky Images+here's what windows should cost you in 2025+Tap your state to get prices,Clicky Images+here's what windows should cost you in 2025,,,,,0,1,0,0,High ROAS & Low BAR,Other,High ROAS & Low BAR,Other,Other
Windows,Clickylavin_v3_Cost_hereswhatXshouldactuallycostyou_IMG_LearnMore_,Clicky Images,here's what windows should cost you in 2025,Cost/Price,Affordability,None,Tap your state to get prices,Center Overlay,None,Curiosity/Exploratory,No Logo,None,High,Cool,26–45,2321232,54406,58038.37,591,488,48,37,8,285027.54,73200,1.261234594,0.2568172886,9.836065574,,3011310872394875,IMG,3,0,0,,Clicky Images+Cost/Price+Cool,Clicky Images+here's what windows should cost you in 2025+Tap your state to get prices,Clicky Images+here's what windows should cost you in 2025,,,,,0,1,0,0,High ROAS & Low BAR,Other,High ROAS & Low BAR,Other,Other
Windows,d:Ad|c:Windows|b:NonBranded|s:Internal|ty:Image|st:Clicky|f:LuxWindowsMountains,Clicky Images,you'll love new windows,Outdated  ,Beauty/Modernization,None,Tap how many windows you'd replace,Center Overlay,None,Pride/Home Upgrade,No Logo,None,Mid,Cool,≤25,67170,412,2069.08,8,5,2,2,0,0,750,0.3624799428,0,40,,1123713639721004,IMG,0,32,0,,Clicky Images+Outdated  +Cool,Clicky Images+you'll love new windows+Tap how many windows you'd replace,Clicky Images+you'll love new windows,,,,,0,0,1,0,Low ROAS & High BAR,Other,Other,Low ROAS & High BAR,Other
Windows,d:Ad|c:Windows|b:RBA|s:Internal|ty:Image|st:B&A|f:BOGOBNPLV1,BEAF Images,buy now pay later,Cost/Price,Affordability,BOGO / BNPL / $0 Down / Financing,"BUY ONE, GET ONE",None,None,Pride/Home Upgrade,Prominent Logo,None,High,Cool,≤25,86918,398,2173.03,7,5,1,1,0,0,750,0.3451401959,0,20,https://scontent-iad3-1.xx.fbcdn.net/v/t45.1600-4/545446815_818145697216340_6599409071113371078_n.png?stp=dst-jpg_tt6&_nc_cat=107&ccb=1-7&_nc_sid=890911&_nc_ohc=-xHv-HNkJGwQ7kNvwH7Cc65&_nc_oc=Adn3EQdidmcfq-x86vl2_QITCnClrEXZBiSkSNk5rE8M_2Fv-4IFioOqMUIkcjbyo1U&_nc_zt=1&_nc_ht=scontent-iad3-1.xx&edm=AAT1rw8EAAAA&_nc_gid=FxuqGi2JdLSiZf5ewl7KtQ&oh=00_Afb8-KdP6W8ylyxLcSK26Pl1mIOSJrIF1fmjeABpz2Pl_w&oe=68E2E236,1278277863464430,IMG,0,27,0,,BEAF Images+Cost/Price+Cool,"BEAF Images+buy now pay later+BUY ONE, GET ONE",BEAF Images+buy now pay later,,,,,0,0,1,0,Low ROAS & High BAR,Other,Other,Low ROAS & High BAR,Other
Windows,d:Ad|c:Windows|b:RBA|s:Internal|ty:Image|st:Clicky|f:CostV1,Clicky Images,curious what new windows should cost you?,Cost/Price,Affordability,None,Tap your state to learn more!,Center Overlay,None,Curiosity/Exploratory,Prominent Logo,None,High,Cool,26–45,546856,5109,13087.51,128,97,24,17,6,109215,14550,1.123208311,0.134596896,24.74226804,https://scontent-iad3-2.xx.fbcdn.net/v/t45.1600-4/511734098_1955130175233245_5101499800319309626_n.png?stp=dst-jpg_tt6&_nc_cat=111&ccb=1-7&_nc_sid=890911&_nc_ohc=_VJxODEduvQQ7kNvwELkUvi&_nc_oc=AdnRvh6R-OG0e9BDuNLh_6o7RZMH3aamzy2yB5g0t5UNIjLwaF-XHH2Pt4eG1zixOZk&_nc_zt=1&_nc_ht=scontent-iad3-2.xx&edm=AAT1rw8EAAAA&_nc_gid=j90JARA97mbnR2MC3iOeow&oh=00_AfaxoicUMNMRLpRoW872SrZf5RooU1WByZUJ2E_6Jsr1hA&oe=68E2BEBD,1235313181412362,IMG,0,0,0,,Clicky Images+Cost/Price+Cool,Clicky Images+curious what new windows should cost you?+Tap your state to learn more!,Clicky Images+curious what new windows should cost you?,,,,,1,0,0,0,High ROAS & High BAR,High ROAS & High BAR,Other,Other,Other
Windows,d:Ad|c:Windows|b:RBA|s:Internal|ty:Image|st:Clicky|f:CostV2,Clicky Images,curious what new windows should cost you?,Cost/Price,Affordability,None,Tap your state to learn more!,Center Overlay,None,Curiosity/Exploratory,Prominent Logo,None,Mid,Cool,26–45,71387,1231,3185.03,29,21,5,4,3,154742.43,3150,1.083192309,0.02229511324,23.80952381,,1777373772861097,IMG,0,0,0,,Clicky Images+Cost/Price+Cool,Clicky Images+curious what new windows should cost you?+Tap your state to learn more!,Clicky Images+curious what new windows should cost you?,,,,,1,0,0,0,High ROAS & High BAR,High ROAS & High BAR,Other,Other,Other
Windows,Greenbar_V1_BNPLEvergreenOffer__IMG_LearnMore_lead,Promos & Offers,buy one get one!40%off + $200 off purchase,Cost/Price,Affordability,BNPL / $0 Down / Financing,Act Now to Claim This Offer,Bottom Right,None,Urgency/FOMO,Prominent Logo,Limited Time Offer,High,Warm,26–45,33604,242,1916.02,18,13,1,0,0,0,1950,1.017734679,0,7.692307692,https://scontent-iad3-1.xx.fbcdn.net/v/t45.1600-4/526600589_756025654256665_6416982328926687738_n.png?stp=dst-jpg_tt6&_nc_cat=109&ccb=1-7&_nc_sid=890911&_nc_ohc=mZdtUABAXXsQ7kNvwHF66DO&_nc_oc=Admh2PaH6Xi8dxqYc06gaIJzEsU8zrPKJsHXcam9XK_iVNb5NgfgwBWt4hVXkfV18NU&_nc_zt=1&_nc_ht=scontent-iad3-1.xx&edm=AAT1rw8EAAAA&_nc_gid=i10yfCEBYNlIv_2D-xPg1g&oh=00_AfZyp1v9F4EysRDMq4kjWeKTHg-ToBTjK7gd0eKDW4EhXQ&oe=68E2D3F6,1306483124393272,IMG,2,2,0,,Promos & Offers+Cost/Price+Warm,Promos & Offers+buy one get one!40%off + $200 off purchase+Act Now to Claim This Offer,Promos & Offers+buy one get one!40%off + $200 off purchase,,,,,0,0,0,1,Low ROAS & Low BAR,Other,Other,Other,Low ROAS & Low BAR
Windows,V2_BOGOEvergreenOffer__IMG_LearnMore_lead,Promos & Offers,buy one get one!40%off + $200 off purchase,Cost/Price,Affordability,BOGO,Tap your state to learn more!,Center Overlay,None,Urgency/FOMO,Prominent Logo,Limited Time Offer,Mid,Warm,26–45,52207,292,1370.39,7,6,0,0,0,0,900,0.7662052408,0,0,https://scontent-iad3-2.xx.fbcdn.net/v/t45.1600-4/519575542_1410707270140610_927306813693086663_n.png?stp=dst-jpg_tt6&_nc_cat=100&ccb=1-7&_nc_sid=890911&_nc_ohc=K0UE3XzaiLsQ7kNvwHXVhFd&_nc_oc=AdnPqBZiW9AWWN31mXKaWlUy60YheJ-wbIqYK-nXOSZ1mZmKSZRt1CVJsiG6c8lqIJk&_nc_zt=1&_nc_ht=scontent-iad3-2.xx&edm=AAT1rw8EAAAA&_nc_gid=PgvYghDxdZht0TlFxpD99Q&oh=00_AfYUblCfAAlbwj8EfAoDyYJE9NdwIMHxFUabgJ-v6B254A&oe=68C4A7B3,1764518651095074,IMG,0,7,0,,Promos & Offers+Cost/Price+Warm,Promos & Offers+buy one get one!40%off + $200 off purchase+Tap your state to learn more!,Promos & Offers+buy one get one!40%off + $200 off purchase,,,,,0,0,0,1,Low ROAS & Low BAR,Other,Other,Other,Low ROAS & Low BAR
Windows,V4_BOGOEvergreenOffer__IMG_LearnMore_lead,Promos & Offers,buy one get one!40%off + $200 off purchase,Cost/Price,Affordability,BOGO,IN YOUR AREA,Center Overlay,None,Urgency/FOMO,Prominent Logo,Limited Time Offer,High,Warm,26–45,45326,276,1144.92,9,8,5,3,0,0,1200,1.048108165,0,62.5,https://scontent-iad3-1.xx.fbcdn.net/v/t45.1600-4/519988184_1200544891758067_2422494199146288868_n.png?stp=dst-jpg_tt6&_nc_cat=110&ccb=1-7&_nc_sid=890911&_nc_ohc=Mei9h8E3rgYQ7kNvwHuRoSe&_nc_oc=Adm6zougZGT2GfQTdg-ngsAJWTYnog-bB6052vYKjpQTv-2IrvTgOYCyyn0MHv7jNnY&_nc_zt=1&_nc_ht=scontent-iad3-1.xx&edm=AAT1rw8EAAAA&_nc_gid=zyj2-qCggGRhqcs3HUFeig&oh=00_AfZHj9PXFv3Vj3dCWEY2X_paryYoe1hPoc1zzqEjjBJysA&oe=68C4AF4B,4314437055453728,IMG,2,7,0,,Promos & Offers+Cost/Price+Warm,Promos & Offers+buy one get one!40%off + $200 off purchase+IN YOUR AREA,Promos & Offers+buy one get one!40%off + $200 off purchase,,,,,1,0,0,0,High ROAS & High BAR,High ROAS & High BAR,Other,Other,Other
Windows,V5_BOGO+BNPL_EvergreenOffer__IMG_LearnMore_lead,Promos & Offers,buy one get one!,Cost/Price,Affordability,BOGO / BNPL / $0 Down / Financing,Act Now to Claim This Offer,Bottom Right,None,Urgency/FOMO,Prominent Logo,Limited Time Offer,High,Warm,≤25,2691277,12045,83830.88,573,493,153,116,20,553446.43,73950,0.8839224878,0.133888297,31.03448276,https://scontent-iad3-1.xx.fbcdn.net/v/t45.1600-4/531300066_1058871806396409_8059671158685936390_n.png?stp=dst-jpg_tt6&_nc_cat=107&ccb=1-7&_nc_sid=890911&_nc_ohc=rE0ByD69LiMQ7kNvwEbz8IW&_nc_oc=Adllih9kbwBB1jdNd2bABwpO2e477ByegUeiLOHwHOemJU7mXw4I9JEk9Q4JtIDv3bU&_nc_zt=1&_nc_ht=scontent-iad3-1.xx&edm=AAT1rw8EAAAA&_nc_gid=MEuPqjoCGQnCC0nPfPiYZg&oh=00_AfYbI3lS9UPGKVQiirLezUhQ21UfFNaTfvZadpe6VDPJug&oe=68E2D571,2262701624160439,IMG,6,647,1,,Promos & Offers+Cost/Price+Warm,Promos & Offers+buy one get one!+Act Now to Claim This Offer,Promos & Offers+buy one get one!,,,,,0,0,1,0,Low ROAS & High BAR,Other,Other,Low ROAS & High BAR,Other
Windows,Whiteboard_ClickyNumberWindowsBrand_V1_IMG_LearnMore_,Clicky Images,curious what new windows should cost you?,Cost/Price,Affordability,None,Tap your state to learn more!,Center Overlay,None,Curiosity/Exploratory,Prominent Logo,None,Mid,Cool,26–45,22283,223,2044.56,22,17,0,0,0,0,2550,1.247212114,0,0,,559864220395059,IMG,0,0,0,,Clicky Images+Cost/Price+Cool,Clicky Images+curious what new windows should cost you?+Tap your state to learn more!,Clicky Images+curious what new windows should cost you?,,,,,0,1,0,0,High ROAS & Low BAR,Other,High ROAS & Low BAR,Other,Other
Windows,Whiteboard_ClickyNumberWindowsBrand_V2_IMG_LearnMore_,Clicky Images,curious about replacing your windows?,Drafty/Old/Leaky/Broken,Beauty/Modernization,None,Tap how many windows you need replaced,Center Overlay,None,Curiosity/Exploratory,Prominent Logo,None,Mid,Cool,26–45,672271,3542,22435.5,258,174,19,17,7,188058.2,26100,1.163334893,0.1387868224,10.91954023,,740589381701706,IMG,1,0,0,,Clicky Images+Drafty/Old/Leaky/Broken+Cool,Clicky Images+curious about replacing your windows?+Tap how many windows you need replaced,Clicky Images+curious about replacing your windows?,,,,,0,1,0,0,High ROAS & Low BAR,Other,High ROAS & Low BAR,Other,Other
Windows,Whiteboard_ClickyNumberWindowsBrand_V3_IMG_LearnMore_,Clicky Images,ready for new windows?,Outdated  ,Beauty/Modernization,None,Tap how many windows you need replaced,Center Overlay,None,Pride/Home Upgrade,Prominent Logo,None,Mid,Cool,≤25,2811664,8754,55697.06,477,370,71,52,11,400425,55500,0.9964619317,0.1386027346,19.18918919,https://scontent-iad3-2.xx.fbcdn.net/v/t45.1600-4/510618905_3609999869301822_1185130744711689543_n.png?stp=dst-jpg_tt6&_nc_cat=103&ccb=1-7&_nc_sid=890911&_nc_ohc=Rp1PHqn8DkYQ7kNvwEaqFHg&_nc_oc=AdnIiSQklagkroaJHzku3BIG1HdWTi1m3ETJjhDNmG3h6QCZJzymYl7qRYU66uDOwk8&_nc_zt=1&_nc_ht=scontent-iad3-2.xx&edm=AAT1rw8EAAAA&_nc_gid=UqgoJp5-S42aLQAAH4ZYMw&oh=00_AfY9f5fQN0571kUwCjSu49CNdqaRMt49t7vGp7jFVpYMag&oe=68C5B0B0,1264102162050838,IMG,2,0,0,,Clicky Images+Outdated  +Cool,Clicky Images+ready for new windows?+Tap how many windows you need replaced,Clicky Images+ready for new windows?,,,,,0,0,1,0,Low ROAS & High BAR,Other,Other,Low ROAS & High BAR,Other
Windows,Whiteboard_ClickyStateBrand_Cost_IMG_LearnMore_,Clicky Images,curious what new windows should cost you?,Cost/Price,Affordability,None,Tap your state to learn more!,Center Overlay,None,Curiosity/Exploratory,Prominent Logo,None,Mid,Cool,26–45,2041304,18989,70246.02,589,503,81,64,20,697861.73,75450,1.076217557,0.1083309154,16.10337972,,1777373772861097,IMG,3,0,0,,Clicky Images+Cost/Price+Cool,Clicky Images+curious what new windows should cost you?+Tap your state to learn more!,Clicky Images+curious what new windows should cost you?,,,,,1,0,0,0,High ROAS & High BAR,High ROAS & High BAR,Other,Other,Other
Windows,Whiteboard_ClickyStateBrand_EnergyBills_IMG_LearnMore_,Clicky Images,new windows could help you save on energy bills,High Bills,Energy Efficiency,None,Tap your state to learn more!,Center Overlay,None,Relief/Comfort,Prominent Logo,None,Mid,Cool,26–45,41440,492,2890.97,52,30,1,0,0,0,4500,1.556570978,0,3.333333333,,1769362627344568,IMG,0,0,0,,Clicky Images+High Bills+Cool,Clicky Images+new windows could help you save on energy bills+Tap your state to learn more!,Clicky Images+new windows could help you save on energy bills,,,,,0,1,0,0,High ROAS & Low BAR,Other,High ROAS & Low BAR,Other,Other
Windows,Whiteboard_ClickyStateBrand_Offers_IMG_LearnMore_,Clicky Images,special offers on window replacements,Cost/Price,Affordability,None,Tap your state to learn more!,Center Overlay,None,Urgency/FOMO,Prominent Logo,Limited Time Offer,Mid,Cool,26–45,849117,7279,27743.4,262,223,40,29,11,377391,33450,1.205692165,0.08863486411,17.93721973,https://scontent-iad3-1.xx.fbcdn.net/v/t45.1600-4/512261879_1734031000819861_289641535304417243_n.png?stp=dst-jpg_tt6&_nc_cat=110&ccb=1-7&_nc_sid=890911&_nc_ohc=3fAKxcgCkhYQ7kNvwH8Xksa&_nc_oc=AdlwSh21p-i9Y8vD-FmsYyk_DhMWsgkIQUl5wEYhyPeogjjcPGoMhqxSVHxg_wt9r4k&_nc_zt=1&_nc_ht=scontent-iad3-1.xx&edm=AAT1rw8EAAAA&_nc_gid=mRsgOtAzYiIQl03WEToALQ&oh=00_AfZt4CDyV9ekBRCDrqsVabojsu2IuCCFB38qt04fb1kgng&oe=68C5953B,2191457671292882,IMG,0,0,0,,Clicky Images+Cost/Price+Cool,Clicky Images+special offers on window replacements+Tap your state to learn more!,Clicky Images+special offers on window replacements,,,,,1,0,0,0,High ROAS & High BAR,High ROAS & High BAR,Other,Other,Other
Windows,Whiteboard_ClickyStateBrand_Upgrade_IMG_LearnMore_,Clicky Images,ready to upgrade your windows?,Outdated  ,Beauty/Modernization,None,Tap your state to learn more!,Center Overlay,None,Pride/Home Upgrade,Prominent Logo,None,Mid,Cool,26–45,40559,347,1554.6,19,9,1,0,0,0,1350,0.8683905828,0,11.11111111,https://scontent-iad3-1.xx.fbcdn.net/v/t45.1600-4/513072266_1816381535593356_6792188745186520911_n.png?stp=dst-jpg_tt6&_nc_cat=102&ccb=1-7&_nc_sid=890911&_nc_ohc=pcFs3dUlBzoQ7kNvwEwfrWN&_nc_oc=Adk_aqJU519G41u6DG_eTSUGoLfMBCq6_EPJTY9p8TWU7AMUXutqQ3Qt7OaJ4upBX5A&_nc_zt=1&_nc_ht=scontent-iad3-1.xx&edm=AAT1rw8EAAAA&_nc_gid=LfmuArsXQvmCw-cnDWhW1A&oh=00_Afa4NUXDuLOpKciKbsO5W5tjCWQWU960uI7MuLkeZG2q2g&oe=68C57F8E,614941487780629,IMG,0,0,0,,Clicky Images+Outdated  +Cool,Clicky Images+ready to upgrade your windows?+Tap your state to learn more!,Clicky Images+ready to upgrade your windows?,,,,,0,0,0,1,Low ROAS & Low BAR,Other,Other,Other,Low ROAS & Low BAR
Windows,Whiteboard_deviousdan_Cost_HereswhatXshouldcostyouin2025_IMG_LearnMore_,Clicky Images,here's what windows should cost you in 2025,Cost/Price,Affordability,None,Just Tap to find out,Bottom Center,None,Curiosity/Exploratory,No Logo,None,Mid,Cool,26–45,579421,4910,10495.89,110,83,12,8,5,280988,12450,1.18617859,0.04430794198,14.45783133,https://scontent-iad3-2.xx.fbcdn.net/v/t45.1600-4/516919008_1432354884559642_4279669136817153941_n.jpg?_nc_cat=103&ccb=1-7&_nc_sid=890911&_nc_ohc=db0vsMGjMOcQ7kNvwHwsYYd&_nc_oc=Admia-hGvdChFAj3yRUNMEcpk7ix5hvs65njACYlgi7QPgszGpd8dumDdHvUVKDkJ-4&_nc_zt=1&_nc_ht=scontent-iad3-2.xx&edm=AAT1rw8EAAAA&_nc_gid=PgvYghDxdZht0TlFxpD99Q&oh=00_AfaGueBH_O-_LyHGxQVuxz6goAVXa_VYgROQkJO-zOJ9DQ&oe=68C49D3C,1293234208998445,IMG,0,15,0,,Clicky Images+Cost/Price+Cool,Clicky Images+here's what windows should cost you in 2025+Just Tap to find out,Clicky Images+here's what windows should cost you in 2025,,,,,1,0,0,0,High ROAS & High BAR,High ROAS & High BAR,Other,Other,Other
Windows,Whiteboard_justgarry_Cost_HereswhatXshouldcostyouin2025_IMG_LearnMore_,Clicky Images,here's what windows should cost you in 2025,Cost/Price,Affordability,None,Just Tap to find out,Bottom Left,None,Curiosity/Exploratory,No Logo,None,Mid,Cool,26–45,435832,5091,14367.49,139,111,13,10,1,2876,16650,1.158866302,5.789290682,11.71171171,https://scontent-iad3-2.xx.fbcdn.net/v/t45.1600-4/516828554_3815186032105150_8275536644047281952_n.jpg?_nc_cat=105&ccb=1-7&_nc_sid=890911&_nc_ohc=RHJAGJhFChMQ7kNvwHmNslf&_nc_oc=AdnGN8qCyzqy2y2zZMMcPXwneno2jf5cTEgx80_Wod4teYqyTGSw5uOeJVBRISwAOFU&_nc_zt=1&_nc_ht=scontent-iad3-2.xx&edm=AAT1rw8EAAAA&_nc_gid=LfmuArsXQvmCw-cnDWhW1A&oh=00_AfaR37gkacL339-xF3ea9tlP4uC_9sCgp7LuxQ_OS48x9A&oe=68C58DCF,1290963395856320,IMG,3,55,0,,Clicky Images+Cost/Price+Cool,Clicky Images+here's what windows should cost you in 2025+Just Tap to find out,Clicky Images+here's what windows should cost you in 2025,,,,,1,0,0,0,High ROAS & High BAR,High ROAS & High BAR,Other,Other,Other