,,,,,,,,,,,,,,,,,,,,,,,,,,,,,,0.54,,4,,,,,,,,,,,,,,,,,,,,,,
Category,Ad Name,Concept,Headline,Problem,Solution,Offer Style,CTA Text,CTA Position,Social Proof,Emotion,Brand,Urgency,Contrast,Color,Human Presence,Headline Number,% Sign,$ Sign,FREE,impressions,clicks,spend,leads,matched_leads,booked_appts,issued_appts,net_sales,partner_rev,hs_revenue,roas,nmc,bar,creative_url,ad_id,creative_type,view_leads,video_views,p_95_video_views,partner_matched_leads,partner_booked_appts,Concepts+Problem+Color,Concepts+Headline+CTAText,Concepts+Headline,Problem+Headline+CTA,Concepts+Brand,High ROAS & High BAR,High ROAS & Low BAR,Low ROAS & High BAR,Low ROAS & Low BAR,Quadrants,Champion Ads,CM Only Ads,Quality Ads Only,Loser Ads
Bath,d:Ad|c:Bath|b:Nonbrand|s:Internal|ty:Image|st:AngiBathCost|f:V1,Promos & Offers,how much should a bathroom cost?,Cost/Price,Affordability,None,Find Your Cost,Bottom Left,None,Curiosity/Exploratory,No Logo,None,High,Cool,,,,,,3963,75,782.43,7,6,0,0,0,0,128.47,0.164193602,0,0,https://scontent-iad3-2.xx.fbcdn.net/v/t45.1600-4/548560728_24215234428161079_2509574841514937189_n.png?stp=dst-jpg_tt6&_nc_cat=103&ccb=1-7&_nc_sid=890911&_nc_ohc=S2vNXr99Ej0Q7kNvwFr0AMa&_nc_oc=AdmU2LQI9mByx8mZLcdeRe0DNxrVFMcCEN6iArc_OpC47o9R3OaPkucKGWePkSk0PAk&_nc_zt=1&_nc_ht=scontent-iad3-2.xx&edm=AAT1rw8EAAAA&_nc_gid=fwHM9Qd0Rk6plxX0tLmr_A&oh=00_AfbAc6-PTfvXy8uXNazD9da_xJMd4lAr9WYqc4WWXanFiQ&oe=68D8F676,120230934425200408,IMG,0,0,0,0,0,Promos & Offers+Cost/Price+Cool,Promos & Offers+how much should a bathroom cost?+Find Your Cost,Promos & Offers+how much should a bathroom cost?,Cost/Price+how much should a bathroom cost?+Find Your Cost,Promos & Offers+No Logo,0,0,0,1,Low ROAS & Low BAR,Other,Other,Other,Low ROAS & Low BAR
Bath,d:Ad|c:Bath|b:Nonbrand|s:Internal|ty:Image|st:AngiBathCost|f:V2,Promos & Offers,how much should a bathroom cost?,Cost/Price,Affordability,None,Find Your Cost,Bottom Left,None,Cool/None,No Logo,None,Mid,Cool,,,,,,11694,201,1481.34,18,12,0,0,0,0,657.11,0.443591613,0,0,https://scontent-iad3-2.xx.fbcdn.net/v/t45.1600-4/547587900_4108063962838094_8633894200957449797_n.png?stp=dst-jpg_tt6&_nc_cat=103&ccb=1-7&_nc_sid=890911&_nc_ohc=z3v_NflKIL8Q7kNvwFcjJfa&_nc_oc=AdncT8QHjSM_Mp-baK9bhsr6bN8-hXXGW6wafC8NppPHPZPBroEXnwBBx1-Tdxcm1VA&_nc_zt=1&_nc_ht=scontent-iad3-2.xx&edm=AAT1rw8EAAAA&_nc_gid=fwHM9Qd0Rk6plxX0tLmr_A&oh=00_AfYIWBbewZc_0VvMw6sFI4Lkz95CAZ847tICdIe_iIuf_A&oe=68D8E6E0,120230934533500408,IMG,0,0,0,1,0,Promos & Offers+Cost/Price+Cool,Promos & Offers+how much should a bathroom cost?+Find Your Cost,Promos & Offers+how much should a bathroom cost?,Cost/Price+how much should a bathroom cost?+Find Your Cost,Promos & Offers+No Logo,0,0,0,1,Low ROAS & Low BAR,Other,Other,Other,Low ROAS & Low BAR
Bath,d:Ad|c:Bath|b:Nonbrand|s:Internal|ty:Image|st:AngiBathCost|f:V3,Promos & Offers,how much should a bathroom cost?,Cost/Price,Affordability,None,Find Your Cost,Bottom Left,None,Curiosity/Exploratory,No Logo,None,Mid,Cool,,,,,,7920,222,1275.51,26,19,0,0,0,0,731.38,0.5734020117,0,0,https://scontent-iad3-2.xx.fbcdn.net/v/t45.1600-4/548024953_1495713624784334_5564801142069949133_n.png?stp=dst-jpg_tt6&_nc_cat=105&ccb=1-7&_nc_sid=890911&_nc_ohc=NUH6m1K9qWkQ7kNvwECfrfB&_nc_oc=Adl-7s9RU0t6KbyREiWPN11DLZbqAM1-qgcWZN_xMvwPCwfCOc9uYzfwmBngIRwWL7A&_nc_zt=1&_nc_ht=scontent-iad3-2.xx&edm=AAT1rw8EAAAA&_nc_gid=fwHM9Qd0Rk6plxX0tLmr_A&oh=00_AfabPZK0c5CttvCmTo1FbWvE2UXPsqEJpD2EkTdDQqmTIw&oe=68D8EC37,120230934583180408,IMG,1,0,0,5,0,Promos & Offers+Cost/Price+Cool,Promos & Offers+how much should a bathroom cost?+Find Your Cost,Promos & Offers+how much should a bathroom cost?,Cost/Price+how much should a bathroom cost?+Find Your Cost,Promos & Offers+No Logo,0,1,0,0,High ROAS & Low BAR,Other,High ROAS & Low BAR,Other,Other
Bath,d:Ad|c:Bath|b:Nonbrand|s:Internal|ty:Image|st:BeforeAfter|f:90s - Copy,BEAF Images,not everything was better in the 90s maybe its time for an upgrade,Outdated  ,Beauty/Modernization,None,Ready to join the 21st Century? How many bathrooms do you need to remodel?,Center Overlay,None,Pride/Home Upgrade,No Logo,None,High,Cool,,,,,,6112,172,1084.32,11,10,1,0,0,0,499.25,0.4604268113,0,10,https://scontent-iad3-1.xx.fbcdn.net/v/t45.1600-4/528223355_1095196645334610_8184373223283995777_n.png?stp=dst-jpg_tt6&_nc_cat=110&ccb=1-7&_nc_sid=890911&_nc_ohc=p9cWLNgcpz4Q7kNvwHBsVjL&_nc_oc=Adn1IFflAwCK6mCjMr_AovWtSYld-aFGchPpbivc0i5v-zNS2KSw3ol7ylzCfU0dOTQ&_nc_zt=1&_nc_ht=scontent-iad3-1.xx&edm=AAT1rw8EAAAA&_nc_gid=F0uSAMGtDzjaZAnUxKuVwA&oh=00_AfYUew2N3WHZADpAryIb1YPkpuLlH_s3ksi9BGLcMR1EhA&oe=68D8C64B,120229533536480408,IMG,0,0,0,4,1,BEAF Images+Outdated  +Cool,BEAF Images+not everything was better in the 90s maybe its time for an upgrade+Ready to join the 21st Century? How many bathrooms do you need to remodel?,BEAF Images+not everything was better in the 90s maybe its time for an upgrade,Outdated  +not everything was better in the 90s maybe its time for an upgrade+Ready to join the 21st Century? How many bathrooms do you need to remodel?,BEAF Images+No Logo,0,0,1,0,Low ROAS & High BAR,Other,Other,Low ROAS & High BAR,Other
Bath,d:Ad|c:Bath|b:Nonbrand|s:Internal|ty:Image|st:BeforeAfter|f:BathroomV1,BEAF Images,ready to remodel your bathroom?,Outdated  ,Beauty/Modernization,None,tap the number of bathrooms you need to upgrade,Center Overlay,None,Pride/Home Upgrade,No Logo,None,High,Cool,,,,,,25816,718,3960.79,88,77,1,1,1,15436,3260.68,0.8232398082,0.2112386629,1.298701299,https://scontent-ord5-2.xx.fbcdn.net/v/t45.1600-4/528602946_657154810744043_8666428234305348268_n.png?stp=dst-jpg_tt6&_nc_cat=105&ccb=1-7&_nc_sid=890911&_nc_ohc=7Fcb75ys4XwQ7kNvwGbVrKD&_nc_oc=Admio9OXk28q0hbxz0esIGCaeFeuohlCpzGpN2q_ruzXOZk7S3UV4hvwg-n7YH8J2Iw&_nc_zt=1&_nc_ht=scontent-ord5-2.xx&edm=AAT1rw8EAAAA&_nc_gid=bynu8cb65zu4ZkcEN-lsaQ&oh=00_AfepBk4gRzGdGJCJBMxyNBgfAywP3jR1t_XAOStF_ACung&oe=68ED3A34,120231642778910408,IMG,0,0,0,24,1,BEAF Images+Outdated  +Cool,BEAF Images+ready to remodel your bathroom?+tap the number of bathrooms you need to upgrade,BEAF Images+ready to remodel your bathroom?,Outdated  +ready to remodel your bathroom?+tap the number of bathrooms you need to upgrade,BEAF Images+No Logo,0,1,0,0,High ROAS & Low BAR,Other,High ROAS & Low BAR,Other,Other
Bath,d:Ad|c:Bath|b:Nonbrand|s:Internal|ty:Image|st:ClickyQuestion|f:#Showers,Clicky Images,need a bathroom remodel? we've got you!,Outdated  ,Beauty/Modernization,None,HOW MANY BATHROOMS DO YOU NEED REMODELED?,Center Overlay,None,Pride/Home Upgrade,Subtle Logo,None,High,Warm,,,,,,7644,165,923.2,22,14,0,0,0,0,502.86,0.5446923744,0,0,https://scontent-ord5-1.xx.fbcdn.net/v/t45.1600-4/528053927_667707079661224_8049850909094681134_n.png?stp=dst-jpg_tt6&_nc_cat=101&ccb=1-7&_nc_sid=890911&_nc_ohc=ojWgPys9BuEQ7kNvwHPdsCF&_nc_oc=AdlUAk3ipDpXeDXZGYzDmpuVP1C8c4ewfvEpV5cNXdVxXnyWhtdBmJjGFWPg_zjUYFU&_nc_zt=1&_nc_ht=scontent-ord5-1.xx&edm=AAT1rw8EAAAA&_nc_gid=j8xnjszwl890Ri0pIbuRTw&oh=00_Afdk6UT1y6kvwv2olv4WduzLOBuCgKV9rlzK0oKRVBGkdQ&oe=68ED2FAA,120231642779650408,IMG,0,0,0,5,0,Clicky Images+Outdated  +Warm,Clicky Images+need a bathroom remodel? we've got you!+HOW MANY BATHROOMS DO YOU NEED REMODELED?,Clicky Images+need a bathroom remodel? we've got you!,Outdated  +need a bathroom remodel? we've got you!+HOW MANY BATHROOMS DO YOU NEED REMODELED?,Clicky Images+Subtle Logo,0,1,0,0,High ROAS & Low BAR,Other,High ROAS & Low BAR,Other,Other
Bath,d:Ad|c:Bath|b:Nonbrand|s:Internal|ty:Image|st:ClickyQuestion|f:Cleobathra,Clicky Images,in de-nile about the state of your current bathtub? let us help give you a royal upgrade!,Outdated  ,Beauty/Modernization,None,Click Here for Your Free Custom Bath Remodel Quote Today!!!,Bottom Center,None,Pride/Home Upgrade,No Logo,None,High,Warm,,,,,,39405,748,1645.68,18,13,2,1,0,0,668.1,0.4059719994,0,15.38461538,,120231642778920408,IMG,0,0,0,5,2,Clicky Images+Outdated  +Warm,Clicky Images+in de-nile about the state of your current bathtub? let us help give you a royal upgrade!+Click Here for Your Free Custom Bath Remodel Quote Today!!!,Clicky Images+in de-nile about the state of your current bathtub? let us help give you a royal upgrade!,Outdated  +in de-nile about the state of your current bathtub? let us help give you a royal upgrade!+Click Here for Your Free Custom Bath Remodel Quote Today!!!,Clicky Images+No Logo,0,0,1,0,Low ROAS & High BAR,Other,Other,Low ROAS & High BAR,Other
Bath,d:Ad|c:Bath|b:Nonbrand|s:Internal|ty:Image|st:ClickyQuestion|f:FloorplanShowerLargeV2,Clicky Images,here's what a bathroom remodel should cost you in 2025,Cost/Price,Affordability,None,Claim your FREE quote today!,Bottom Center,None,Curiosity/Exploratory,No Logo,None,High,Cool,,,,,,8626,178,818.13,21,21,1,1,0,0,854.45,1.044393923,0,4.761904762,https://scontent-iad3-2.xx.fbcdn.net/v/t45.1600-4/529419575_1366511574447477_6094968126788840509_n.png?stp=dst-jpg_tt6&_nc_cat=105&ccb=1-7&_nc_sid=890911&_nc_ohc=onNDJDC_95MQ7kNvwHw3bYE&_nc_oc=AdmpFUIfxQkP2eduhqtlt_75qAfvo317qjP2u1zj2-4dXO5GL2wpxQAyiDpmrnOVbk8&_nc_zt=1&_nc_ht=scontent-iad3-2.xx&edm=AAT1rw8EAAAA&_nc_gid=_ASt1za-WleVhyZm7U7E9Q&oh=00_AfYniCLYjBHLGRZk0x1HLm6PxmkukopX_6fHgbR81IoCUA&oe=68C592F4,120231642779250408,IMG,0,0,0,7,1,Clicky Images+Cost/Price+Cool,Clicky Images+here's what a bathroom remodel should cost you in 2025+Claim your FREE quote today!,Clicky Images+here's what a bathroom remodel should cost you in 2025,Cost/Price+here's what a bathroom remodel should cost you in 2025+Claim your FREE quote today!,Clicky Images+No Logo,1,0,0,0,High ROAS & High BAR,High ROAS & High BAR,Other,Other,Other
Bath,d:Ad|c:Bath|b:Nonbrand|s:Internal|ty:Image|st:ClickyQuestion|f:PersonShower,Clicky Images,walk-in shower prices are lower than you think,Cost/Price,Affordability,None,CLICK FOR PRICING ¬ª,Bottom Center,None,Relief/Comfort,No Logo,None,Mid,Cool,,,,,,15164,410,2166.48,55,28,1,1,1,20197,1558.39,0.7193188952,0.07715947913,3.571428571,https://scontent-ord5-2.xx.fbcdn.net/v/t45.1600-4/528079935_767964092434727_2249752538162785587_n.png?stp=dst-jpg_tt6&_nc_cat=104&ccb=1-7&_nc_sid=890911&_nc_ohc=i3sQsacPv1wQ7kNvwGRbEVD&_nc_oc=AdmBpDr61iFOZRn4yQEI3rhCBmgG7QmIpRU1BnEWf_mpPV1EZzfGLm46dbJBmKDMdPM&_nc_zt=1&_nc_ht=scontent-ord5-2.xx&edm=AAT1rw8EAAAA&_nc_gid=bynu8cb65zu4ZkcEN-lsaQ&oh=00_AfeGjVlO1cMusFFo7N6rvg8pQOktwbvzyb5IibZqfklVKg&oe=68ED40F0,120231642778970408,IMG,0,0,0,13,1,Clicky Images+Cost/Price+Cool,Clicky Images+walk-in shower prices are lower than you think+CLICK FOR PRICING ¬ª,Clicky Images+walk-in shower prices are lower than you think,Cost/Price+walk-in shower prices are lower than you think+CLICK FOR PRICING ¬ª,Clicky Images+No Logo,1,0,0,0,High ROAS & High BAR,High ROAS & High BAR,Other,Other,Other
Bath,d:Ad|c:Bath|b:Nonbrand|s:Internal|ty:Image|st:ClickyQuestion|f:SqftShowerLargeV2,Clicky Images,here's what a bathroom remodel should cost you in 2025,Cost/Price,Affordability,None,Claim your FREE quote today!,Bottom Center,None,Curiosity/Exploratory,No Logo,None,High,Cool,,,,,,22523,751,3089.4,60,53,1,1,0,0,2354.19,0.7620217518,0,1.886792453,https://scontent-ord5-3.xx.fbcdn.net/v/t45.1600-4/528195395_804316528768343_1876161745433064487_n.png?stp=dst-jpg_tt6&_nc_cat=110&ccb=1-7&_nc_sid=890911&_nc_ohc=Cd01KgMcDsYQ7kNvwEuahqj&_nc_oc=Adkgoo8JYwu_8PoonAf9oQTFkf5w2qrsWyRXSTT4VTwN-jh90KjGcUarCvjgC3t5C6Y&_nc_zt=1&_nc_ht=scontent-ord5-3.xx&edm=AAT1rw8EAAAA&_nc_gid=j8xnjszwl890Ri0pIbuRTw&oh=00_AfftP4OlpUsOrpISZepcjtO8EYVVuR0ON763xTGWUOSsUg&oe=68ED22CE,120231642779040408,IMG,0,3,0,18,0,Clicky Images+Cost/Price+Cool,Clicky Images+here's what a bathroom remodel should cost you in 2025+Claim your FREE quote today!,Clicky Images+here's what a bathroom remodel should cost you in 2025,Cost/Price+here's what a bathroom remodel should cost you in 2025+Claim your FREE quote today!,Clicky Images+No Logo,0,1,0,0,High ROAS & Low BAR,Other,High ROAS & Low BAR,Other,Other
Bath,d:Ad|c:Bath|b:Nonbrand|s:Internal|ty:Image|st:ClickyQuestion|f:SqftShowerSmallV2,Clicky Images,here's what a bathroom remodel should cost you in 2025,Cost/Price,Affordability,None,Claim your FREE quote today!,Bottom Center,None,Curiosity/Exploratory,No Logo,None,High,Cool,,,,,,7908,138,726.83,6,4,0,0,0,0,155.48,0.2139152209,0,0,https://scontent-ord5-2.xx.fbcdn.net/v/t45.1600-4/527749840_1897637847759819_5030801453615876264_n.png?stp=dst-jpg_tt6&_nc_cat=104&ccb=1-7&_nc_sid=890911&_nc_ohc=En5yzfFVyYsQ7kNvwFdqda3&_nc_oc=AdnlLyECM8KXOZTwPQOZHpd5s4-g_Cdp9h2Q0yOOCD7QxRynT1SotB4qTK8NNT_N_Y4&_nc_zt=1&_nc_ht=scontent-ord5-2.xx&edm=AAT1rw8EAAAA&_nc_gid=j8xnjszwl890Ri0pIbuRTw&oh=00_AfdyBqGz1-2u2h0EcpAoMftI_Amc33nXpc0thkZb4H8XUw&oe=68ED2551,120231642778790408,IMG,0,2,0,2,0,Clicky Images+Cost/Price+Cool,Clicky Images+here's what a bathroom remodel should cost you in 2025+Claim your FREE quote today!,Clicky Images+here's what a bathroom remodel should cost you in 2025,Cost/Price+here's what a bathroom remodel should cost you in 2025+Claim your FREE quote today!,Clicky Images+No Logo,0,0,0,1,Low ROAS & Low BAR,Other,Other,Other,Low ROAS & Low BAR
Bath,d:Ad|c:Bath|b:Nonbrand|s:Internal|ty:Image|st:ClickySchedule|f:Affordability,Clicky Images,luxury bathroom at a price you can afford,Cost/Price,Affordability,None,Get a FREE Quote,Center Overlay,None,Relief/Comfort,No Logo,None,Mid,Cool,,,,,,25387,524,3166.68,36,27,5,2,1,8290,1212.38,0.3828552301,0.1462460796,18.51851852,https://scontent-ord5-3.xx.fbcdn.net/v/t45.1600-4/528450638_1464909447847235_6617311047821997406_n.png?stp=dst-jpg_tt6&_nc_cat=110&ccb=1-7&_nc_sid=890911&_nc_ohc=3-TRF-5pk-AQ7kNvwFTlnKV&_nc_oc=AdlNftng1ROpPdGGN8Y7idJ_1JFdC42SIBmDN47u9gkc9llsl3R6sO9qLkPJww_PQAM&_nc_zt=1&_nc_ht=scontent-ord5-3.xx&edm=AAT1rw8EAAAA&_nc_gid=hHGzIgNbkOfMiydr5_CC2Q&oh=00_AffAjUUfly90VpDT_Tc91HQbS0nt58FAkrh8xwKrU5ARcA&oe=68ED2513,120231642778890408,IMG,0,0,0,9,5,Clicky Images+Cost/Price+Cool,Clicky Images+luxury bathroom at a price you can afford+Get a FREE Quote,Clicky Images+luxury bathroom at a price you can afford,Cost/Price+luxury bathroom at a price you can afford+Get a FREE Quote,Clicky Images+No Logo,0,0,1,0,Low ROAS & High BAR,Other,Other,Low ROAS & High BAR,Other
Bath,d:Ad|c:Bath|b:Nonbrand|s:Internal|ty:Image|st:ClickySchedule|f:OneDay,Clicky Images,transform your bathroom in as little as one day,InstalI Time,Quick Installation,None,Schedule a FREE Estimate,Center Overlay,None,Pride/Home Upgrade,No Logo,None,High,Warm,,,,,,7462,129,684.68,10,10,2,2,0,0,367.91,0.5373459134,0,20,https://scontent-ord5-2.xx.fbcdn.net/v/t45.1600-4/528332123_1963776487754229_2774812860398287701_n.png?stp=dst-jpg_tt6&_nc_cat=102&ccb=1-7&_nc_sid=890911&_nc_ohc=rYhHR96LzLIQ7kNvwE7xP2N&_nc_oc=AdnqoGKhp5HVGbAILmPtNTgJbKeEYHrw41AVY8bhl4YHzatyWWYlbuiuFLrjlUaJ0vo&_nc_zt=1&_nc_ht=scontent-ord5-2.xx&edm=AAT1rw8EAAAA&_nc_gid=j8xnjszwl890Ri0pIbuRTw&oh=00_AfdeYhie0Rl7KsC3K8vhnF3FYxrGIYu953qUhteF8nh-vA&oe=68ED4775,120231642779050408,IMG,0,0,0,3,2,Clicky Images+InstalI Time+Warm,Clicky Images+transform your bathroom in as little as one day+Schedule a FREE Estimate,Clicky Images+transform your bathroom in as little as one day,InstalI Time+transform your bathroom in as little as one day+Schedule a FREE Estimate,Clicky Images+No Logo,1,0,0,0,High ROAS & High BAR,High ROAS & High BAR,Other,Other,Other
Bath,d:Ad|c:Bath|b:Nonbrand|s:Internal|ty:Image|st:ClickySchedule|f:Upgrade,Clicky Images,upgrade your bathtub without the hassle,Outdated  ,Beauty/Modernization,None,Click for Pricing,Bottom Center,None,Relief/Comfort,No Logo,None,Low,Cool,,,,,,14168,422,2026.36,26,23,1,0,0,0,1093.34,0.5395586174,0,4.347826087,https://scontent-ord5-2.xx.fbcdn.net/v/t45.1600-4/528871468_612732968242218_8074728513390258845_n.png?stp=dst-jpg_tt6&_nc_cat=103&ccb=1-7&_nc_sid=890911&_nc_ohc=nKxdrc1dkhEQ7kNvwHeRzbM&_nc_oc=AdlfnCMxRn15ervGjvQngQQNvhcD9sd3QgGzinrTeqUCmUCciRJO9tR9F_Z_OgHpxHY&_nc_zt=1&_nc_ht=scontent-ord5-2.xx&edm=AAT1rw8EAAAA&_nc_gid=j8xnjszwl890Ri0pIbuRTw&oh=00_Afd_-kNxQlDo_C49Goe1zsPtskyXzWhuK8Ojr8PdrjL23w&oe=68ED384E,120231642779230408,IMG,0,0,0,8,1,Clicky Images+Outdated  +Cool,Clicky Images+upgrade your bathtub without the hassle+Click for Pricing,Clicky Images+upgrade your bathtub without the hassle,Outdated  +upgrade your bathtub without the hassle+Click for Pricing,Clicky Images+No Logo,1,0,0,0,High ROAS & High BAR,High ROAS & High BAR,Other,Other,Other
Bath,d:Ad|c:Bath|b:Nonbrand|s:Internal|ty:Image|st:ClickyState|f:OneDay,Clicky Images,transform your bathroom in as little as one day,InstalI Time,Quick Installation,None,Tap your state to learn more!,Center Overlay,None,Pride/Home Upgrade,No Logo,None,Mid,Cool,,,,,,11222,265,1335.83,15,13,1,1,0,0,792.27,0.5930919354,0,7.692307692,https://scontent-ord5-1.xx.fbcdn.net/v/t45.1600-4/527864358_2204311126708971_7469436449182143231_n.png?stp=dst-jpg_tt6&_nc_cat=108&ccb=1-7&_nc_sid=890911&_nc_ohc=zQsSvNd4RQMQ7kNvwETwIJF&_nc_oc=AdmH4YAL7AgCQbcXNl_qWTYdQi4BBr6_OumbeUB7cY6_0CrLE9YAANG6hfxMqtDt4Tc&_nc_zt=1&_nc_ht=scontent-ord5-1.xx&edm=AAT1rw8EAAAA&_nc_gid=j8xnjszwl890Ri0pIbuRTw&oh=00_AfcDU0zU9Sexa9NVMnO_4Y6Sk6fxC-QleiLZdIBlsBaQgA&oe=68ED4AF5,120231642778940408,IMG,0,0,0,7,1,Clicky Images+InstalI Time+Cool,Clicky Images+transform your bathroom in as little as one day+Tap your state to learn more!,Clicky Images+transform your bathroom in as little as one day,InstalI Time+transform your bathroom in as little as one day+Tap your state to learn more!,Clicky Images+No Logo,1,0,0,0,High ROAS & High BAR,High ROAS & High BAR,Other,Other,Other
Bath,d:Ad|c:Bath|b:Nonbrand|s:Internal|ty:Image|st:ClickyState|f:RemodelCostV2,Clicky Images,how much should a bathroom remodel actually cost in 2025?,Cost/Price,Affordability,None,Tap your state to learn more!,Center Overlay,None,Curiosity/Exploratory,No Logo,None,Mid,Cool,,,,,,509701,11428,18785.01,313,272,31,13,2,59528,19649.71,1.046031384,0.3300918895,11.39705882,https://scontent-ord5-2.xx.fbcdn.net/v/t45.1600-4/528388414_1280340447116106_1751283651891296306_n.png?stp=dst-jpg_tt6&_nc_cat=102&ccb=1-7&_nc_sid=890911&_nc_ohc=K1KYYjh8oykQ7kNvwH8oI4G&_nc_oc=Adk8nvi1P97_h1tpdjuwbbEL1D_Fj0Pgco8vZcLMl--gZjSdw-KaBJow2Uo2TFXyjKg&_nc_zt=1&_nc_ht=scontent-ord5-2.xx&edm=AAT1rw8EAAAA&_nc_gid=j8xnjszwl890Ri0pIbuRTw&oh=00_AfeQmb1-MEZuikwck1qzPKZpGhygfZ8pVgUSpTDWEQb52g&oe=68ED2E2B,120231642778860408,IMG,0,10,0,188,31,Clicky Images+Cost/Price+Cool,Clicky Images+how much should a bathroom remodel actually cost in 2025?+Tap your state to learn more!,Clicky Images+how much should a bathroom remodel actually cost in 2025?,Cost/Price+how much should a bathroom remodel actually cost in 2025?+Tap your state to learn more!,Clicky Images+No Logo,1,0,0,0,High ROAS & High BAR,High ROAS & High BAR,Other,Other,Other
Bath,d:Ad|c:Bath|b:Nonbrand|s:Internal|ty:Image|st:ClickyState|f:Shower,Clicky Images,homeowners are switching to walk-in showers‚äîhere's why,Accessibility Issues,Safety/Accessibility,None,Tap your state to learn more!,Center Overlay,None,Relief/Comfort,No Logo,None,High,Cool,,,,,,8528,215,1061.07,23,15,0,0,0,0,617.66,0.5821105111,0,0,https://scontent-ord5-1.xx.fbcdn.net/v/t45.1600-4/529219145_692589090478952_7852948240838633511_n.png?stp=dst-jpg_tt6&_nc_cat=101&ccb=1-7&_nc_sid=890911&_nc_ohc=StYvYHFo4vMQ7kNvwEaJa-Y&_nc_oc=Admr_OgoYWmfEkPIKQRnteTWxQImo59DuRAXXFsOc7IkmZY4pUUIoi2JvX3o9VdYNbg&_nc_zt=1&_nc_ht=scontent-ord5-1.xx&edm=AAT1rw8EAAAA&_nc_gid=hHGzIgNbkOfMiydr5_CC2Q&oh=00_AfeXSFn-rlFA6_MR5nfaeQupdAq7MNH9QIgR2TZAwmpXNQ&oe=68ED385D,120231642779090408,IMG,0,0,0,4,0,Clicky Images+Accessibility Issues+Cool,Clicky Images+homeowners are switching to walk-in showers‚äîhere's why+Tap your state to learn more!,Clicky Images+homeowners are switching to walk-in showers‚äîhere's why,Accessibility Issues+homeowners are switching to walk-in showers‚äîhere's why+Tap your state to learn more!,Clicky Images+No Logo,0,1,0,0,High ROAS & Low BAR,Other,High ROAS & Low BAR,Other,Other
Bath,d:Ad|c:Bath|b:Nonbrand|s:Internal|ty:Image|st:ClickyState|f:ShowerCost,Clicky Images,here's what a walk-in shower should cost you in 2025,Cost/Price,Affordability,None,Tap your state to learn more!,Center Overlay,None,Curiosity/Exploratory,No Logo,None,High,Cool,,,,,,1948627,51914,87981.98,2234,1791,161,66,13,233030,128285.64,1.458089941,0.5505112646,8.989391401,https://scontent-ord5-3.xx.fbcdn.net/v/t45.1600-4/528823968_730529349604778_2029276002562275859_n.png?stp=dst-jpg_tt6&_nc_cat=100&ccb=1-7&_nc_sid=890911&_nc_ohc=scEon491KtQQ7kNvwGAM3Rv&_nc_oc=AdlZRdtpBlSTvIv6dAvrDFM6KvlR7DPoqyDbbqn3QAzbiYb_pPgPD6_vgL7Yykr-fZA&_nc_zt=1&_nc_ht=scontent-ord5-3.xx&edm=AAT1rw8EAAAA&_nc_gid=j8xnjszwl890Ri0pIbuRTw&oh=00_Affh83oeQqGrLWua0nbWzs597U-qLUBvOutco25hAOM1wg&oe=68ED473C,120231642779060408,IMG,10,11,0,1048,158,Clicky Images+Cost/Price+Cool,Clicky Images+here's what a walk-in shower should cost you in 2025+Tap your state to learn more!,Clicky Images+here's what a walk-in shower should cost you in 2025,Cost/Price+here's what a walk-in shower should cost you in 2025+Tap your state to learn more!,Clicky Images+No Logo,1,0,0,0,High ROAS & High BAR,High ROAS & High BAR,Other,Other,Other
Bath,d:Ad|c:Bath|b:Nonbrand|s:Internal|ty:Image|st:ClickyState|f:Upgrade,Clicky Images,ready to upgrade your bathroom?,Outdated  ,Beauty/Modernization,None,Tap your state to learn more!,Center Overlay,None,Pride/Home Upgrade,No Logo,None,High,Cool,,,,,,8163,206,1015.32,10,8,1,0,0,0,362.66,0.3571878817,0,12.5,https://scontent-ord5-3.xx.fbcdn.net/v/t45.1600-4/528674867_1137979371478670_160385410385575858_n.png?stp=dst-jpg_tt6&_nc_cat=106&ccb=1-7&_nc_sid=890911&_nc_ohc=vG4olEWlo0kQ7kNvwHxA4y8&_nc_oc=AdkvzQ1pydECwmtda3UxbO51qzImovd4rTuPnw4lMWnqUvWSdqxNOsTkbRSQIe9g5YQ&_nc_zt=1&_nc_ht=scontent-ord5-3.xx&edm=AAT1rw8EAAAA&_nc_gid=j8xnjszwl890Ri0pIbuRTw&oh=00_AfedfpfhHuTAI5HlqUnMDqLem7pespg3So8-r3WuUfzp2g&oe=68ED2E0E,120231642779100408,IMG,0,0,0,3,1,Clicky Images+Outdated  +Cool,Clicky Images+ready to upgrade your bathroom?+Tap your state to learn more!,Clicky Images+ready to upgrade your bathroom?,Outdated  +ready to upgrade your bathroom?+Tap your state to learn more!,Clicky Images+No Logo,0,0,1,0,Low ROAS & High BAR,Other,Other,Low ROAS & High BAR,Other
Bath,d:Ad|c:Bath|b:Nonbrand|s:Internal|ty:Image|st:GridSelector|f:Bathroom1,Grid Images,find your perfect bathroom installers are booking fast,Outdated  ,Beauty/Modernization,None,HOW MUCH SHOULD IT COST YOU?,Bottom Center,None,Pride/Home Upgrade,No Logo,Limited Time Offer,Mid,Cool,,,,,,8524,353,670.65,3,1,0,0,0,0,26.37,0.03932006263,0,0,https://scontent-iad3-2.xx.fbcdn.net/v/t45.1600-4/550815877_1553647395801779_2896539280966632037_n.png?stp=dst-jpg_tt6&_nc_cat=100&ccb=1-7&_nc_sid=890911&_nc_ohc=aLw_cujbNCUQ7kNvwHStNNa&_nc_oc=AdkJnv52wa-XKwx2k0Q0wX5om5Uu8fcYxo4DcO5XkcL9O5pNqpsrZ9uOY5bmk9SEfgs&_nc_zt=1&_nc_ht=scontent-iad3-2.xx&edm=AAT1rw8EAAAA&_nc_gid=fwHM9Qd0Rk6plxX0tLmr_A&oh=00_AfbT7p21zlwZ_2shuSNbmON-8eGue2a-sxaNQD1K_m57UA&oe=68D8ECC9,120231277740740408,IMG,0,0,0,0,0,Grid Images+Outdated  +Cool,Grid Images+find your perfect bathroom installers are booking fast+HOW MUCH SHOULD IT COST YOU?,Grid Images+find your perfect bathroom installers are booking fast,Outdated  +find your perfect bathroom installers are booking fast+HOW MUCH SHOULD IT COST YOU?,Grid Images+No Logo,0,0,0,1,Low ROAS & Low BAR,Other,Other,Other,Low ROAS & Low BAR
Bath,d:Ad|c:Bath|b:Nonbrand|s:Internal|ty:Image|st:GridSelector|f:Shower1,Grid Images,what's your perfect shower?,Outdated  ,Beauty/Modernization,None,Click Below to Reserve Your Consultation Today,Bottom Center,None,Luxury/Self-Care,No Logo,Limited Time Offer,Low,Warm,,,,,,11222,371,1085.08,7,6,0,0,0,0,373.11,0.343854831,0,0,https://scontent-ord5-1.xx.fbcdn.net/v/t45.1600-4/550791783_1350969839953208_9214164086966686054_n.png?stp=dst-jpg_tt6&_nc_cat=101&ccb=1-7&_nc_sid=890911&_nc_ohc=8bw6sr-ks9QQ7kNvwEciUHN&_nc_oc=AdmI5f-drssnbQcZAkeXLwWICCFswL6AT7qgsy9Je8nrFGoyty_xp7L3xUy-cZwDjKA&_nc_zt=1&_nc_ht=scontent-ord5-1.xx&edm=AAT1rw8EAAAA&_nc_gid=hHGzIgNbkOfMiydr5_CC2Q&oh=00_Afew6U8IgaT0qhYQzPRo5yEl0OIMpFTnwmRC-ZY0c_7skA&oe=68ED4C6D,120231277802220408,IMG,0,0,0,4,0,Grid Images+Outdated  +Warm,Grid Images+what's your perfect shower?+Click Below to Reserve Your Consultation Today,Grid Images+what's your perfect shower?,Outdated  +what's your perfect shower?+Click Below to Reserve Your Consultation Today,Grid Images+No Logo,0,0,0,1,Low ROAS & Low BAR,Other,Other,Other,Low ROAS & Low BAR
Bath,d:Ad|c:Bath|b:Nonbrand|s:Internal|ty:Image|st:GridSelector|f:Vanity1,Grid Images,find your perfect vanity installers are booking fast,Outdated  ,Beauty/Modernization,None,Click Below to Reserve Your Consultation Today,Bottom Center,None,Pride/Home Upgrade,No Logo,Limited Time Offer,Low,Cool,,,,,,18338,420,1402.56,21,18,0,0,0,0,714.14,0.5091689482,0,0,https://scontent-iad3-1.xx.fbcdn.net/v/t45.1600-4/550510336_1285929012716867_2153585021530965246_n.png?stp=dst-jpg_tt6&_nc_cat=109&ccb=1-7&_nc_sid=890911&_nc_ohc=MKn1DBpdoxUQ7kNvwG3JWcz&_nc_oc=AdktqxcwYR5xuUjJ1MV8QdFxR1R4qUl2tIMRDA0dfzq6M_5figodE_EpbyaBaQIroek&_nc_zt=1&_nc_ht=scontent-iad3-1.xx&edm=AAT1rw8EAAAA&_nc_gid=F0uSAMGtDzjaZAnUxKuVwA&oh=00_AfbXthjy6C1gEBaEHWbXmc6v7nR7_KkgucI8X7cbIIGeKg&oe=68D8D6C4,120231277796430408,IMG,0,0,0,6,0,Grid Images+Outdated  +Cool,Grid Images+find your perfect vanity installers are booking fast+Click Below to Reserve Your Consultation Today,Grid Images+find your perfect vanity installers are booking fast,Outdated  +find your perfect vanity installers are booking fast+Click Below to Reserve Your Consultation Today,Grid Images+No Logo,0,0,0,1,Low ROAS & Low BAR,Other,Other,Other,Low ROAS & Low BAR
Bath,d:Ad|c:Bath|b:Nonbrand|s:Internal|ty:Image|st:NetworxLux|f:Journey7,Clicky Images,luxury bathrooms at a price that you can afford,Outdated  ,Luxury/Comfort,None,START YOUR JOURNEY,Bottom Center,None,Luxury/Self-Care,No Logo,None,Mid,Cool,,,,,,13205,207,1180.1,17,15,3,2,0,0,853.21,0.722998051,0,20,https://scontent-ord5-3.xx.fbcdn.net/v/t45.1600-4/551491820_649263694906473_5568059005507392706_n.png?stp=dst-jpg_tt6&_nc_cat=110&ccb=1-7&_nc_sid=890911&_nc_ohc=kU-WztD7GKwQ7kNvwFX9QtD&_nc_oc=AdlddIQ4xqRAXWcOd1RUv46q1FmpxwgJCG-X3WcvjT5xEqdgehYGPVIMC-NdyM4BcD8&_nc_zt=1&_nc_ht=scontent-ord5-3.xx&edm=AAT1rw8EAAAA&_nc_gid=hHGzIgNbkOfMiydr5_CC2Q&oh=00_AfeW0ckyiUxQx0Cyh2C1JR_sZrawkJrrhSHaP7DSez5gng&oe=68ED198C,120231276492430408,IMG,0,0,0,9,3,Clicky Images+Outdated  +Cool,Clicky Images+luxury bathrooms at a price that you can afford+START YOUR JOURNEY,Clicky Images+luxury bathrooms at a price that you can afford,Outdated  +luxury bathrooms at a price that you can afford+START YOUR JOURNEY,Clicky Images+No Logo,1,0,0,0,High ROAS & High BAR,High ROAS & High BAR,Other,Other,Other
Bath,d:Ad|c:Bath|b:Nonbrand|s:Internal|ty:Image|st:SneakySven|f:Affordability,Clicky Images,luxury bathroom at a price you can afford,Cost/Price,Affordability,None,Just tap to learn more,Center Overlay,None,Luxury/Self-Care,No Logo,None,Mid,Cool,,,,,,34638,493,2697.49,46,32,7,3,1,14928,1858.13,0.6888366593,0.1244728028,21.875,https://scontent-ord5-3.xx.fbcdn.net/v/t45.1600-4/528074090_2184074852037851_3930227872724332617_n.png?stp=dst-jpg_tt6&_nc_cat=100&ccb=1-7&_nc_sid=890911&_nc_ohc=E2QDcHRQo7MQ7kNvwEzOV05&_nc_oc=AdkAYcaX4f2rPuF8sNI4InvbDW9komvOplZQFhk-kDLMvPPJVSuIR9btJUX_bkWhDF4&_nc_zt=1&_nc_ht=scontent-ord5-3.xx&edm=AAT1rw8EAAAA&_nc_gid=hHGzIgNbkOfMiydr5_CC2Q&oh=00_AffY2cJUoLxPoINYtke1hp-uygCu5ZKq6V1tQ2mEXaWYCw&oe=68ED422C,120231642779690408,IMG,0,0,0,17,6,Clicky Images+Cost/Price+Cool,Clicky Images+luxury bathroom at a price you can afford+Just tap to learn more,Clicky Images+luxury bathroom at a price you can afford,Cost/Price+luxury bathroom at a price you can afford+Just tap to learn more,Clicky Images+No Logo,1,0,0,0,High ROAS & High BAR,High ROAS & High BAR,Other,Other,Other
Bath,d:Ad|c:Bath|b:Nonbrand|s:Internal|ty:Image|st:SneakySven|f:BathCost,Clicky Images,here's what a bathroom remodel should cost you,Cost/Price,Affordability,None,Just tap to find out,Center Overlay,None,Curiosity/Exploratory,No Logo,None,Mid,Cool,,,,,,169513,3842,11999.5,258,192,19,9,1,12600,11684.45,0.9737447394,0.9273373016,9.895833333,https://scontent-ord5-3.xx.fbcdn.net/v/t45.1600-4/528712658_1507866240560802_2554600691766062330_n.png?stp=dst-jpg_tt6&_nc_cat=100&ccb=1-7&_nc_sid=890911&_nc_ohc=YxksAoTEHqQQ7kNvwEdgyzH&_nc_oc=AdnBA6uVzTv9p9aFb_-U_njBshQT7UMZrwl_RY_umfasOaDqhQiioEzv93lebsZEk9w&_nc_zt=1&_nc_ht=scontent-ord5-3.xx&edm=AAT1rw8EAAAA&_nc_gid=j8xnjszwl890Ri0pIbuRTw&oh=00_AfftPB3suof-rwuPCuur20aGHD-a-uSTqnFoKTwnh4LWOA&oe=68ED3A24,120231642778850408,IMG,1,0,0,85,19,Clicky Images+Cost/Price+Cool,Clicky Images+here's what a bathroom remodel should cost you+Just tap to find out,Clicky Images+here's what a bathroom remodel should cost you,Cost/Price+here's what a bathroom remodel should cost you+Just tap to find out,Clicky Images+No Logo,1,0,0,0,High ROAS & High BAR,High ROAS & High BAR,Other,Other,Other
Bath,d:Ad|c:Bath|b:Nonbrand|s:Internal|ty:Image|st:SneakySven|f:OneDay,Clicky Images,transform your bathtub in as little as one day just tap to learn more,InstalI Time,Quick Installation,None,Just tap to learn more,Bottom Center,None,Relief/Comfort,No Logo,None,Mid,Cool,,,,,,6115,104,731.24,10,10,0,0,0,0,353.28,0.4831245555,0,0,https://scontent-ord5-1.xx.fbcdn.net/v/t45.1600-4/528535422_730221653127574_4315436508949587785_n.png?stp=dst-jpg_tt6&_nc_cat=108&ccb=1-7&_nc_sid=890911&_nc_ohc=8wYMkR1wpS0Q7kNvwFBXXqU&_nc_oc=Adlgb7GNF-UrWBLAcGjLoJOrS8zdYgM6EQzO3chYQUIOHB5Iib8nH3wSbe8Gncoar18&_nc_zt=1&_nc_ht=scontent-ord5-1.xx&edm=AAT1rw8EAAAA&_nc_gid=j8xnjszwl890Ri0pIbuRTw&oh=00_AfeSBwfwXgWPcnQzAKK1Y3eXFQuRV3NTnR4VGaGAXrpteg&oe=68ED3F82,120231642778950408,IMG,0,0,0,3,0,Clicky Images+InstalI Time+Cool,Clicky Images+transform your bathtub in as little as one day just tap to learn more+Just tap to learn more,Clicky Images+transform your bathtub in as little as one day just tap to learn more,InstalI Time+transform your bathtub in as little as one day just tap to learn more+Just tap to learn more,Clicky Images+No Logo,0,0,0,1,Low ROAS & Low BAR,Other,Other,Other,Low ROAS & Low BAR
Bath,d:Ad|c:Bath|b:Nonbrand|s:Internal|ty:Image|st:SneakySven|f:ShowerCost,Clicky Images,here's what a walk-in shower should cost you,Cost/Price,Affordability,None,Just tap to find out,Bottom Center,None,Curiosity/Exploratory,No Logo,None,Mid,Cool,,,,,,837320,22130,48343.08,1193,999,103,48,11,186091,60742.52,1.256488416,0.3264129915,10.31031031,https://scontent-ord5-3.xx.fbcdn.net/v/t45.1600-4/528468779_1651930792156184_3754368490930399396_n.png?stp=dst-jpg_tt6&_nc_cat=109&ccb=1-7&_nc_sid=890911&_nc_ohc=N1c5PadUhjwQ7kNvwFoHJiR&_nc_oc=AdlxP42FXBzqo5lSeigclZf0GO4YH38o38FJcuOXjmhbpD89KzR2Kkg1QC9Jif7Q1NE&_nc_zt=1&_nc_ht=scontent-ord5-3.xx&edm=AAT1rw8EAAAA&_nc_gid=j8xnjszwl890Ri0pIbuRTw&oh=00_Afcm7Q0vxtqMls0zBNnZDB1J6snvDmQNooBSXEZcdtSukA&oe=68ED2EFC,120229532046700408,IMG,7,0,0,498,100,Clicky Images+Cost/Price+Cool,Clicky Images+here's what a walk-in shower should cost you+Just tap to find out,Clicky Images+here's what a walk-in shower should cost you,Cost/Price+here's what a walk-in shower should cost you+Just tap to find out,Clicky Images+No Logo,1,0,0,0,High ROAS & High BAR,High ROAS & High BAR,Other,Other,Other
Bath,d:Ad|c:Bath|b:Nonbrand|s:Internal|ty:Image|st:TextImage|f:Testimonial2,Text Images,i still can't believe this is my bathroom! the whole process was so easy!,InstalI Time,Quick Installation,None,CHECK YOUR ZIP,Bottom Center,Customer Testimonials,Pride/Home Upgrade,No Logo,None,High,Cool,,,,,,4678,235,990.49,12,10,0,0,0,0,347,0.350331654,0,0,https://scontent-iad3-2.xx.fbcdn.net/v/t45.1600-4/551310768_1806889063237933_5320128613702781919_n.png?stp=dst-jpg_tt6&_nc_cat=111&ccb=1-7&_nc_sid=890911&_nc_ohc=JWYgmeKTXxEQ7kNvwGosbKj&_nc_oc=Adk3EC-tU76fvagqqQJNcu6i-ekaE0-Ey90fVrWrKflA6WpIm2544oId8wGYqoboi30&_nc_zt=1&_nc_ht=scontent-iad3-2.xx&edm=AAT1rw8EAAAA&_nc_gid=fwHM9Qd0Rk6plxX0tLmr_A&oh=00_Afbr3mvbuv35TbLmqxWN31L-NWW3d9xwH_t4Tzm1wxcGgA&oe=68D8E12D,120231277391250408,IMG,0,0,0,1,0,Text Images+InstalI Time+Cool,Text Images+i still can't believe this is my bathroom! the whole process was so easy!+CHECK YOUR ZIP,Text Images+i still can't believe this is my bathroom! the whole process was so easy!,InstalI Time+i still can't believe this is my bathroom! the whole process was so easy!+CHECK YOUR ZIP,Text Images+No Logo,0,0,0,1,Low ROAS & Low BAR,Other,Other,Other,Low ROAS & Low BAR
Bath,d:Ad|c:Bath|b:Nonbrand|s:Internal|ty:Image|st:TextOver|f:VanitySimple,Text Images,here's what a 1-day walk-in tub should cost you,Outdated  ,Beauty/Modernization,None,,None,None,Pride/Home Upgrade,No Logo,None,High,Cool,,,,,,8891,126,540.05,7,4,0,0,0,0,274.95,0.509119526,0,0,https://scontent-ord5-1.xx.fbcdn.net/v/t45.1600-4/528231556_1061222696223998_1972536243754620956_n.png?stp=dst-jpg_tt6&_nc_cat=101&ccb=1-7&_nc_sid=890911&_nc_ohc=Z7PncmiFVKsQ7kNvwFARzp8&_nc_oc=Adm8Qo1pDhU2WjrIAMx2W_WlVYHOUqU7N4vf52ET70plfj0hmR9-p5vdBJomxoTwjwc&_nc_zt=1&_nc_ht=scontent-ord5-1.xx&edm=AAT1rw8EAAAA&_nc_gid=hHGzIgNbkOfMiydr5_CC2Q&oh=00_Afd8xrJ9UF6xzNCTWCgx-iAllMqIewbf-JRaGwJPc8kXBA&oe=68ED3887,120231642778830408,IMG,0,0,0,3,0,Text Images+Outdated  +Cool,Text Images+here's what a 1-day walk-in tub should cost you+,Text Images+here's what a 1-day walk-in tub should cost you,Outdated  +here's what a 1-day walk-in tub should cost you+,Text Images+No Logo,0,0,0,1,Low ROAS & Low BAR,Other,Other,Other,Low ROAS & Low BAR
Bath,d:Ad|c:Bath|b:Nonbrand|s:Internal|ty:Image|st:GridSelector|f:Bathroom1V2,Grid Images,Find Your Perfect Bathroom,Outdated,Beauty/Modernization,None,HOW MUCH SHOULD IT COST YOU?,Bottom Left,None,Pride/Home Upgrade,No Logo,None,High,Warm,None,N,N,N,N,23499,1117,2657.6,29,4,2,0,0,0,1110.18,0.4177378085,0,50,https://scontent-ord5-1.xx.fbcdn.net/v/t45.1600-4/557624287_1444423746671351_9071239366414944437_n.png?stp=dst-jpg_tt6&_nc_cat=111&ccb=1-7&_nc_sid=890911&_nc_ohc=t_YJK7VrqhgQ7kNvwEicpJo&_nc_oc=AdnP0l5xJ2kDI1DLHEUiPzCe1ityq1nZU1OTcDW2hS3zyRULfFREefCFU9bhMKmXAzA&_nc_zt=1&_nc_ht=scontent-ord5-1.xx&edm=AAT1rw8EAAAA&_nc_gid=j8xnjszwl890Ri0pIbuRTw&oh=00_AfdZ8-cHwLPyBhh3LI9Kc4QXaOspyqun7oFgxXI7wC_1Vg&oe=68ED4B5C,120231657665420408,IMG,0,0,0,2,2,Grid Images+Outdated+Warm,Grid Images+Find Your Perfect Bathroom+HOW MUCH SHOULD IT COST YOU?,Grid Images+Find Your Perfect Bathroom,Outdated+Find Your Perfect Bathroom+HOW MUCH SHOULD IT COST YOU?,Grid Images+No Logo,0,0,1,0,Low ROAS & High BAR,Other,Other,Low ROAS & High BAR,Other
Bath,d:Ad|c:Bath|b:Nonbrand|s:Internal|ty:Image|st:NetworxLux|f:Image15CTA,BEAF Images,how much should a bathroom remodel actually cost in 2025?,Cost/Price,Affordability,None,TAP FOR PRICING,Bottom Center,None,Curiosity/Exploratory,No Logo,None,High,Cool,None,Y,N,N,N,6095,196,1169.3,20,0,1,0,0,0,627.51,0.5366544086,0,0,https://scontent-ord5-3.xx.fbcdn.net/v/t45.1600-4/559202416_813166611245470_8206439806533891633_n.png?stp=dst-jpg_tt6&_nc_cat=100&ccb=1-7&_nc_sid=890911&_nc_ohc=ScnXHuMJ6AcQ7kNvwGSdDa7&_nc_oc=AdnrZ-a26SSOzpNMN3kfgSjbqjyrvOTDDCz_QmJrIfHpHmTSsc03kw8JNPaLwqIetrA&_nc_zt=1&_nc_ht=scontent-ord5-3.xx&edm=AAT1rw8EAAAA&_nc_gid=hHGzIgNbkOfMiydr5_CC2Q&oh=00_AffUYatohSCO-eSbqCFsXHPZtON48nDu5sxdJ34wIncLvQ&oe=68ED2F02,120231805295800408,IMG,0,0,0,0,1,BEAF Images+Cost/Price+Cool,BEAF Images+how much should a bathroom remodel actually cost in 2025?+TAP FOR PRICING,BEAF Images+how much should a bathroom remodel actually cost in 2025?,Cost/Price+how much should a bathroom remodel actually cost in 2025?+TAP FOR PRICING,BEAF Images+No Logo,0,0,0,1,Low ROAS & Low BAR,Other,Other,Other,Low ROAS & Low BAR