,,,,,,,,,,,,,,,,,,,,,,,,,,,,,,1.06,,15,,,,,,,,,,,,,,,,,,,,,,,,
Category,Ad Name,Concept,Headline,Problem,Solution,Offer Style,CTA Text,CTA Position,Social Proof,Emotion,Brand,Urgency,Contrast,Color,Human Presence,Headline Number,% Sign,$ Sign,FREE,impressions,clicks,spend,leads,matched_leads,issued_appts,net_sales,partner_rev,booked_appts,hs_rev,roas,nmc,bar,creative_url,ad_id,creative_type,view_leads,video_views,p_95_video_views,,,Concepts+Problem+Color,Concepts+Headline+CTAText,Concepts+Headline,Problem+Headline+CTA,Concepts+Brand,,,High ROAS & High BAR,High ROAS & Low BAR,Low ROAS & High BAR,Low ROAS & Low BAR,Quadrants,Champion Ads,CM Only Ads,Quality Ads Only,Loser Ads
Windows,BeautyShot_V1_BNPLEvergreenOffer__IMG_LearnMore_,Promos & Offers,buy now pay later,Cost/Price,Affordability,BNPL / $0 Down / Financing,Act Now to Claim This Offer,Bottom Right,None,Urgency/FOMO,Prominent Logo,Limited Time Offer,High,Warm,,,,,,67164,370,1958.05,14,10,1,1,13627.58,1,1500,0.7660682822,0.1100709003,10,https://scontent-iad3-2.xx.fbcdn.net/v/t45.1600-4/523496745_1079364613787175_8269017604398404187_n.png?stp=dst-jpg_tt6&_nc_cat=105&ccb=1-7&_nc_sid=890911&_nc_ohc=fZqP45QIgwUQ7kNvwFIo9tp&_nc_oc=AdlhXOt-WUAoVDbmnB74uMU_NJkaSEFJcqbDdW7hiLJ6rfWMXQj7gHCL9EzF95ugvdQ&_nc_zt=1&_nc_ht=scontent-iad3-2.xx&edm=AAT1rw8EAAAA&_nc_gid=p9aad7N-wF4R7gSflohzdA&oh=00_AfbRJCFRNpJ-fUpV58uPzv6ZDOuQxDdBNvSR-RWsU8nBow&oe=68D8CC65,120232181584590496,IMG,1,3,0,,,Promos & Offers+Cost/Price+Warm,Promos & Offers+buy now pay later+Act Now to Claim This Offer,Promos & Offers+buy now pay later,Cost/Price+buy now pay later+Act Now to Claim This Offer,Promos & Offers+Prominent Logo,,,0,0,0,1,Low ROAS & Low BAR,Other,Other,Other,Low ROAS & Low BAR
Windows,BeautyShot_V2_BNPLEvergreenOffer__IMG_LearnMore_,Promos & Offers,buy now pay later,Cost/Price,Affordability,BNPL / $0 Down / Financing,Act Now to Claim This Offer,Bottom Right,None,Urgency/FOMO,Prominent Logo,Limited Time Offer,High,Warm,,,,,,1874144,6883,52066.16,416,344,35,4,80895,66,51900,0.9968086757,0.6415724087,19.18604651,https://scontent-iad3-1.xx.fbcdn.net/v/t45.1600-4/523979476_1523126929096157_2942751529007978992_n.png?stp=dst-jpg_tt6&_nc_cat=109&ccb=1-7&_nc_sid=890911&_nc_ohc=cniEnxNJsVQQ7kNvwHM9BC-&_nc_oc=AdktL0sMjX7YoIsb1KXkMT23_Mh6QjAROp-kmg8CvKKypNi6YmJtgwG1R-BCmHWx-Dk&_nc_zt=1&_nc_ht=scontent-iad3-1.xx&edm=AAT1rw8EAAAA&_nc_gid=CRPL3v7piZewLVpxtTvdGA&oh=00_AfZGTZr2qd5aaX1eu_ou-kHbaVkt7CvlCLK8_RDi_hvqbg&oe=68C585F5,120232181584630496,IMG,3,357,5,,,Promos & Offers+Cost/Price+Warm,Promos & Offers+buy now pay later+Act Now to Claim This Offer,Promos & Offers+buy now pay later,Cost/Price+buy now pay later+Act Now to Claim This Offer,Promos & Offers+Prominent Logo,,,0,0,1,0,Low ROAS & High BAR,Other,Other,Low ROAS & High BAR,Other
Windows,BeautyShot_V2_BNPLEvergreenOffer__IMG_LearnMore_lead,Promos & Offers,buy now pay later,Cost/Price,Affordability,BNPL / $0 Down / Financing,Don't miss out on this offer,Bottom Right,None,Urgency/FOMO,Prominent Logo,Limited Time Offer,High,Warm,,,,,,41663,194,1486.33,12,8,0,0,0,0,1350,0.908277435,0,0,https://scontent-iad3-1.xx.fbcdn.net/v/t45.1600-4/520278488_1498898471072834_8140293143246782865_n.png?stp=dst-jpg_tt6&_nc_cat=109&ccb=1-7&_nc_sid=890911&_nc_ohc=3SLqd-5oiXYQ7kNvwGMl7Ox&_nc_oc=AdmJou-EH-8VZz7BGZEaFRAvQi9jNW9TSKCohpo6dx4_nLmXcK8qnKEvS1bYRz1oMrA&_nc_zt=1&_nc_ht=scontent-iad3-1.xx&edm=AAT1rw8EAAAA&_nc_gid=LfmuArsXQvmCw-cnDWhW1A&oh=00_AfY38k4vH3KPijViOUFFK7eKbvRxxcW3VBVX6qXbVnCocg&oe=68C5A6C1,120232185277010496,IMG,1,3,0,,,Promos & Offers+Cost/Price+Warm,Promos & Offers+buy now pay later+Don't miss out on this offer,Promos & Offers+buy now pay later,Cost/Price+buy now pay later+Don't miss out on this offer,Promos & Offers+Prominent Logo,,,0,0,0,1,Low ROAS & Low BAR,Other,Other,Other,Low ROAS & Low BAR
Windows,BeautyShot_V3_BNPLEvergreenOffer__IMG_LearnMore_,Promos & Offers,buy now pay later,Cost/Price,Affordability,BNPL / $0 Down / Financing,Act Now to Claim This Offer,Bottom Right,None,Urgency/FOMO,Prominent Logo,Limited Time Offer,High,Warm,,,,,,581444,2346,16209.38,125,94,20,8,222336.26,23,14100,0.8698667068,0.06341745606,24.46808511,https://scontent-ord5-2.xx.fbcdn.net/v/t45.1600-4/523928364_1729616241020327_5481099485143064330_n.png?stp=dst-jpg_tt6&_nc_cat=102&ccb=1-7&_nc_sid=890911&_nc_ohc=jMP8UIjpYBMQ7kNvwFjdmnq&_nc_oc=AdnloWFJ6tWCDwSqiJuV889Xkd1XkAY3Q50apv9nrQxgRKyNqOfayzo0bWxI7bqH65E&_nc_zt=1&_nc_ht=scontent-ord5-2.xx&edm=AAT1rw8EAAAA&_nc_gid=-nzt9ywiaAPs0ecidsR1fQ&oh=00_AfeS1AtEyBRh9JSrDE5D3bx53JtRw3sZL2QehNrmj3SX1w&oe=68ED2B23,120232181584600496,IMG,0,109,0,,,Promos & Offers+Cost/Price+Warm,Promos & Offers+buy now pay later+Act Now to Claim This Offer,Promos & Offers+buy now pay later,Cost/Price+buy now pay later+Act Now to Claim This Offer,Promos & Offers+Prominent Logo,,,0,0,1,0,Low ROAS & High BAR,Other,Other,Low ROAS & High BAR,Other
Windows,BeautyShot_V4_BNPLEvergreenOffer__IMG_LearnMore_lead,Promos & Offers,buy now pay later,Cost/Price,Affordability,BNPL / $0 Down / Financing,Get this only offer,Bottom Right,None,Urgency/FOMO,Prominent Logo,Limited Time Offer,High,Warm,,,,,,27599,96,1703.9,3,3,0,0,0,0,450,0.2641000059,0,0,,120232185277000496,IMG,0,4,0,,,Promos & Offers+Cost/Price+Warm,Promos & Offers+buy now pay later+Get this only offer,Promos & Offers+buy now pay later,Cost/Price+buy now pay later+Get this only offer,Promos & Offers+Prominent Logo,,,0,0,0,1,Low ROAS & Low BAR,Other,Other,Other,Low ROAS & Low BAR
Windows,BeautyShot_V5_BNPLEvergreenOffer__IMG_LearnMore_,Promos & Offers,buy now pay later,Cost/Price,Affordability,BNPL / $0 Down / Financing,Act Now to Claim This Offer,Bottom Right,None,Urgency/FOMO,Prominent Logo,Limited Time Offer,Mid,Cool,,,,,,354728,1635,11482.9,103,82,9,0,0,14,12300,1.071157983,0,17.07317073,https://scontent-iad3-2.xx.fbcdn.net/v/t45.1600-4/523904400_1290901799225290_1547919489652125430_n.png?stp=dst-jpg_tt6&_nc_cat=111&ccb=1-7&_nc_sid=890911&_nc_ohc=cDrCG9T6vXIQ7kNvwF9PWG2&_nc_oc=Adk5pM0mMydVVWnQ29pmT9YMb_M4AuGTS1z-zK5ZR0lWLmQhvDUvsB4WB5gQ3Rh1aD4&_nc_zt=1&_nc_ht=scontent-iad3-2.xx&edm=AAT1rw8EAAAA&_nc_gid=Og3qoBts8DTArHFzhfDSvA&oh=00_AfalT296xr191AKtQkA2r0JXwakQbeRwrtyvxZ8hU5bn-Q&oe=68C58B76,120232181584620496,IMG,3,72,0,,,Promos & Offers+Cost/Price+Cool,Promos & Offers+buy now pay later+Act Now to Claim This Offer,Promos & Offers+buy now pay later,Cost/Price+buy now pay later+Act Now to Claim This Offer,Promos & Offers+Prominent Logo,,,1,0,0,0,High ROAS & High BAR,High ROAS & High BAR,Other,Other,Other
Windows,BeforeAfter_ClickyNumberWindowsBrand_V2_IMG_LearnMore_,BEAF Images,curious about replacing your windows?,Outdated  ,Beauty/Modernization,None,tap how many windows you need replaced,Bottom Center,None,Pride/Home Upgrade,Prominent Logo,None,Mid,Cool,,,,,,100070,460,3541.24,51,35,2,0,0,3,5250,1.482531543,0,8.571428571,https://scontent-iad3-2.xx.fbcdn.net/v/t45.1600-4/524732483_1264960821939673_7939941906664181904_n.png?stp=dst-jpg_tt6&_nc_cat=105&ccb=1-7&_nc_sid=890911&_nc_ohc=b4_6soTb42cQ7kNvwHOj-5m&_nc_oc=AdlQN--qxsHkhqC-Q_Z0VNUhDt2T2Tp86nlDkUyWwxGs4EOPGG-8LA_dsCrUXOcduts&_nc_zt=1&_nc_ht=scontent-iad3-2.xx&edm=AAT1rw8EAAAA&_nc_gid=JkGnLhbQlHBed6kV2MV2cw&oh=00_AfasZ1f6eSTmyI0zO9tvtV0cbz_sj1Gq8NS7ZDjLSF47yg&oe=68C4B735,120231157143500563,IMG,1,15,0,,,BEAF Images+Outdated  +Cool,BEAF Images+curious about replacing your windows?+tap how many windows you need replaced,BEAF Images+curious about replacing your windows?,Outdated  +curious about replacing your windows?+tap how many windows you need replaced,BEAF Images+Prominent Logo,,,0,1,0,0,High ROAS & Low BAR,Other,High ROAS & Low BAR,Other,Other
Windows,BeforeAfter_ClickyNumberWindowsBrand_V3_IMG_LearnMore_,BEAF Images,curious about replacing your windows?,Outdated  ,Beauty/Modernization,None,tap how many windows you need replaced,Bottom Center,None,Pride/Home Upgrade,Prominent Logo,None,Mid,Cool,,,,,,1182935,5172,18706.53,216,180,17,4,325134,27,27000,1.443346254,0.08304268394,15,https://scontent-iad3-1.xx.fbcdn.net/v/t45.1600-4/524386464_1151834420106796_5722372765798221673_n.png?stp=dst-jpg_tt6&_nc_cat=104&ccb=1-7&_nc_sid=890911&_nc_ohc=MswqV3nVhW8Q7kNvwF9Y-Oo&_nc_oc=AdkszNcUXdcBz_objJe0oAutlbpMOt-LNK2AGqrLCHLgkrITgBfRM6FErQKtJ47aa40&_nc_zt=1&_nc_ht=scontent-iad3-1.xx&edm=AAT1rw8EAAAA&_nc_gid=wfJLjGhi3tYm5VL3MsQWVw&oh=00_Afb_BW_nwN4hbW966cvzX2o1KGBW8cPhaRT5t8RkzmfeXw&oe=68C49B1D,120231157143520563,IMG,0,64,0,,,BEAF Images+Outdated  +Cool,BEAF Images+curious about replacing your windows?+tap how many windows you need replaced,BEAF Images+curious about replacing your windows?,Outdated  +curious about replacing your windows?+tap how many windows you need replaced,BEAF Images+Prominent Logo,,,1,0,0,0,High ROAS & High BAR,High ROAS & High BAR,Other,Other,Other
Windows,BeforeAfter_ClickyNumberWindowsBrand_V4_IMG_LearnMore_,BEAF Images,curious about replacing your windows?,Outdated  ,Beauty/Modernization,None,tap how many windows you need replaced,Bottom Center,None,Pride/Home Upgrade,Prominent Logo,None,High,Cool,,,,,,255760,810,5793.13,55,30,1,0,0,3,4500,0.776782154,0,10,https://scontent-iad3-1.xx.fbcdn.net/v/t45.1600-4/525012496_4116368105284990_84911117734127990_n.png?stp=dst-jpg_tt6&_nc_cat=109&ccb=1-7&_nc_sid=890911&_nc_ohc=R2MvJTNB58wQ7kNvwEGy74B&_nc_oc=Adm8Y6khJAsRN2P5OKNFU69jRmgKd5eJxWdDpKewPtS1JF-mbqLsr7jcgryhmHXlFC0&_nc_zt=1&_nc_ht=scontent-iad3-1.xx&edm=AAT1rw8EAAAA&_nc_gid=eCYRudWd-1Mui0Y2K_KacA&oh=00_AfaUFM-VUZD--ywroUeLFgblkyojjKK99ZNAZiUHAb8v5A&oe=68C4978D,120231157323460563,IMG,0,0,0,,,BEAF Images+Outdated  +Cool,BEAF Images+curious about replacing your windows?+tap how many windows you need replaced,BEAF Images+curious about replacing your windows?,Outdated  +curious about replacing your windows?+tap how many windows you need replaced,BEAF Images+Prominent Logo,,,0,0,0,1,Low ROAS & Low BAR,Other,Other,Other,Low ROAS & Low BAR
Windows,BeforeAfter_Cost_V1_IMG_LearnMore_,BEAF Images,how much should new windows actually cost in 2025?,Outdated  ,Beauty/Modernization,None,Tap To Find Out More,Bottom Center,None,Pride/Home Upgrade,No Logo,None,High,Warm,,,,,,98215,617,1391.46,5,3,0,0,0,0,600,0.4312017593,0,0,https://scontent-ord5-3.xx.fbcdn.net/v/t45.1600-4/513544520_1119661466638682_6318564821849170771_n.jpg?_nc_cat=106&ccb=1-7&_nc_sid=890911&_nc_ohc=NMAYa2WpL0kQ7kNvwFjn21e&_nc_oc=AdlrTk7ujwV0n7N_SGV_UY-V0_HWGHPPF9Joni2JzK0hNV_V5IAcIbS0HPGkSslA434&_nc_zt=1&_nc_ht=scontent-ord5-3.xx&edm=AAT1rw8EAAAA&_nc_gid=X8NrY_UzReCZILMDuzTv-A&oh=00_AfeaSzj94QYXzzFQxYAjQnBrK5-GO5ZW5sGR4VnU8VVObA&oe=68ED4C10,120233798573770563,IMG,0,1,0,,,BEAF Images+Outdated  +Warm,BEAF Images+how much should new windows actually cost in 2025?+Tap To Find Out More,BEAF Images+how much should new windows actually cost in 2025?,Outdated  +how much should new windows actually cost in 2025?+Tap To Find Out More,BEAF Images+No Logo,,,0,0,0,1,Low ROAS & Low BAR,Other,Other,Other,Low ROAS & Low BAR
Windows,Clicky_NumberWindowsBrand_V2_IMG_LearnMore_,Clicky Images,ready for new windows?,Outdated  ,Beauty/Modernization,None,tap how many windows you need replaced,Bottom Center,None,Pride/Home Upgrade,Prominent Logo,None,Mid,Cool,,,,,,705556,3373,11423.78,105,64,11,1,45156,15,12150,1.063570902,0.2690672336,23.4375,https://scontent-ord5-2.xx.fbcdn.net/v/t45.1600-4/514189804_714490281194897_8827955731591923313_n.png?stp=dst-jpg_tt6&_nc_cat=105&ccb=1-7&_nc_sid=890911&_nc_ohc=vATNefK_SRAQ7kNvwHctJ-e&_nc_oc=AdnLZmBTpmF5jKkg9R9C1OUeTgPg0BqpeqrIX1deEMbu6e3HPQLpkQlXjPwR4LJ7lzQ&_nc_zt=1&_nc_ht=scontent-ord5-2.xx&edm=AAT1rw8EAAAA&_nc_gid=1MEz0AZnfAeSiqUdVIBPKg&oh=00_AffMB0IF7nZ_g7H3NV-sw3p3MpuotUUhp27sc3yS3Y55hA&oe=68ED1F30,120233798573800563,IMG,1,1,0,,,Clicky Images+Outdated  +Cool,Clicky Images+ready for new windows?+tap how many windows you need replaced,Clicky Images+ready for new windows?,Outdated  +ready for new windows?+tap how many windows you need replaced,Clicky Images+Prominent Logo,,,1,0,0,0,High ROAS & High BAR,High ROAS & High BAR,Other,Other,Other
Windows,Clicky_NumberWindowsBrand_V3_IMG_LearnMore_,Clicky Images,curious about replacing your windows?,Outdated  ,Beauty/Modernization,None,tap how many windows you need replaced,Bottom Center,None,Curiosity/Exploratory,Prominent Logo,None,Mid,Cool,,,,,,115214,792,1938.83,47,13,2,1,18829,4,3450,1.779423673,0.1832279994,30.76923077,https://scontent-ord5-1.xx.fbcdn.net/v/t45.1600-4/513070731_599090493256205_5204004239424316786_n.png?stp=dst-jpg_tt6&_nc_cat=108&ccb=1-7&_nc_sid=890911&_nc_ohc=cXE9gi6CeQIQ7kNvwHQFK3Y&_nc_oc=AdkCjPFU8wIneY2L5cnmpgoNGxNytOaQ1Ldg1-jkwbnHDzybOBpBQNyb7IrH2I_vk38&_nc_zt=1&_nc_ht=scontent-ord5-1.xx&edm=AAT1rw8EAAAA&_nc_gid=M4z8rpnki90pW869ao3LQw&oh=00_AffOBNbIIAb10FMyRdTV_MknIdwSKnjmpQ-aZG-rV6f0Pg&oe=68ED1A63,120233798573630563,IMG,1,0,0,,,Clicky Images+Outdated  +Cool,Clicky Images+curious about replacing your windows?+tap how many windows you need replaced,Clicky Images+curious about replacing your windows?,Outdated  +curious about replacing your windows?+tap how many windows you need replaced,Clicky Images+Prominent Logo,,,1,0,0,0,High ROAS & High BAR,High ROAS & High BAR,Other,Other,Other
Windows,Clicky_StateBrand_Cost_IMG_LearnMore_,Clicky Images,curious what new windows should cost you?,Cost/Price,Affordability,None,Tap your state to learn more!,Center Overlay,None,Curiosity/Exploratory,Prominent Logo,None,Mid,Cool,,,,,,720381,6158,19387.09,234,123,24,4,133671,35,25500,1.31530828,0.1907668829,28.45528455,https://scontent-ord5-1.xx.fbcdn.net/v/t45.1600-4/511734098_1955130175233245_5101499800319309626_n.png?stp=dst-jpg_tt6&_nc_cat=111&ccb=1-7&_nc_sid=890911&_nc_ohc=Puml0JBqTS0Q7kNvwEkdpfv&_nc_oc=AdnHopKVS2tTkrSoqWB_b06uOVZkdok_RyIt32X5zUkyJ-kzeUfrlcJqGeTdIOnRTg0&_nc_zt=1&_nc_ht=scontent-ord5-1.xx&edm=AAT1rw8EAAAA&_nc_gid=hfA0rtJWzLK57EAwwze4xA&oh=00_AffvTFERpeXkeq-h6LxAXGI7BK12kDp-t4IimXDCSN1MAg&oe=68ED4ABD,120233798573670563,IMG,1,4,0,,,Clicky Images+Cost/Price+Cool,Clicky Images+curious what new windows should cost you?+Tap your state to learn more!,Clicky Images+curious what new windows should cost you?,Cost/Price+curious what new windows should cost you?+Tap your state to learn more!,Clicky Images+Prominent Logo,,,1,0,0,0,High ROAS & High BAR,High ROAS & High BAR,Other,Other,Other
Windows,Clicky_StateBrand_EnergyBills_IMG_LearnMore_,Clicky Images,new windows could help you save on energy bills,High Bills,Energy Efficiency,None,Tap your state to learn more!,Center Overlay,None,Relief/Comfort,Prominent Logo,None,Mid,Cool,,,,,,193981,1611,2073.13,16,5,0,0,0,0,900,0.4341261764,0,0,https://scontent-ord5-2.xx.fbcdn.net/v/t45.1600-4/498944742_23879847971706414_4518421273639078573_n.png?stp=dst-jpg_tt6&_nc_cat=103&ccb=1-7&_nc_sid=890911&_nc_ohc=8bKXjJuYSbQQ7kNvwFqit1Y&_nc_oc=AdkoZQ1rg9pD6XZPw-Xj0_hwf1loPkhzr8qbU_0EY2GX0sE0KLcRR5v9es5zPgE_2t4&_nc_zt=1&_nc_ht=scontent-ord5-2.xx&edm=AAT1rw8EAAAA&_nc_gid=M4z8rpnki90pW869ao3LQw&oh=00_AffvxkJIrvStWws4l77WFwb-hafvUsbXGCgUwnht4lTQ9A&oe=68ED28C7,120233798573790563,IMG,1,0,0,,,Clicky Images+High Bills+Cool,Clicky Images+new windows could help you save on energy bills+Tap your state to learn more!,Clicky Images+new windows could help you save on energy bills,High Bills+new windows could help you save on energy bills+Tap your state to learn more!,Clicky Images+Prominent Logo,,,0,0,0,1,Low ROAS & Low BAR,Other,Other,Other,Low ROAS & Low BAR
Windows,Clicky_StateBrand_Offers_IMG_LearnMore_,Clicky Images,special offers on window replacements,Cost/Price,Affordability,None,Tap your state to learn more!,Center Overlay,None,Urgency/FOMO,Prominent Logo,Limited Time Offer,High,Cool,,,,,,186779,2183,6263.34,76,48,8,2,96297,11,8400,1.341137476,0.08723013178,22.91666667,https://scontent-ord5-3.xx.fbcdn.net/v/t45.1600-4/518821267_1811191406408997_7526535513163691906_n.jpg?_nc_cat=110&ccb=1-7&_nc_sid=890911&_nc_ohc=okv0P-v-1tEQ7kNvwFx84Io&_nc_oc=AdlOEEfBodZL8pHA412Z5EVWbD-_aaPLP4gAYgE4So-qqDryryoMpgllD74Q0Mcxnf0&_nc_zt=1&_nc_ht=scontent-ord5-3.xx&edm=AAT1rw8EAAAA&_nc_gid=-nzt9ywiaAPs0ecidsR1fQ&oh=00_Afd853OVs1dOFXmF6eww01c-h4OLHuin0ZoC2Tu283YD3A&oe=68ED330E,120233798573690563,IMG,0,14,0,,,Clicky Images+Cost/Price+Cool,Clicky Images+special offers on window replacements+Tap your state to learn more!,Clicky Images+special offers on window replacements,Cost/Price+special offers on window replacements+Tap your state to learn more!,Clicky Images+Prominent Logo,,,1,0,0,0,High ROAS & High BAR,High ROAS & High BAR,Other,Other,Other
Windows,Clicky_V1_Cost_HowMuchshouldXActuallyCostin2025_IMG_Square_,Clicky Images,how much should new windows actually cost in 2025?,Cost/Price,Affordability,None,Tap how many windows you need replaced,Center Overlay,None,Curiosity/Exploratory,No Logo,None,Mid,Warm,,,,,,10141302,82207,201061.16,2303,1768,138,27,797885.02,202,299250,1.488353096,0.3750540397,11.42533937,https://scontent-iad3-1.xx.fbcdn.net/v/t45.1600-4/517215955_1254814949682199_3402503473777735930_n.jpg?_nc_cat=108&ccb=1-7&_nc_sid=890911&_nc_ohc=exIhJQvikksQ7kNvwGNCo3O&_nc_oc=AdmEHkvfn42BMPFtvYPizvz3nq3SgtZUHqcPEnJU13DuA5CxGXsNo_FZ43KS8bc6y_I&_nc_zt=1&_nc_ht=scontent-iad3-1.xx&edm=AAT1rw8EAAAA&_nc_gid=Kn_wLI1g_ezVVxMgkHWKAA&oh=00_AfY375itnLYNWkJLCmstaMkFRDur6GhQdwk96oF-SEE1gg&oe=68C49CC0,120233798573640563,IMG,11,7,0,,,Clicky Images+Cost/Price+Warm,Clicky Images+how much should new windows actually cost in 2025?+Tap how many windows you need replaced,Clicky Images+how much should new windows actually cost in 2025?,Cost/Price+how much should new windows actually cost in 2025?+Tap how many windows you need replaced,Clicky Images+No Logo,,,0,1,0,0,High ROAS & Low BAR,Other,High ROAS & Low BAR,Other,Other
Windows,Clicky_V2_Cost_HowMuchDoesXActuallyCost_IMG_Square_,Clicky Images,how much should new windows actually cost?,Cost/Price,Affordability,None,How many windows do you have in your home,Center Overlay,None,Curiosity/Exploratory,No Logo,None,Mid,Cool,,,,,,106894,834,2175.98,14,8,0,0,0,0,1200,0.5514756569,0,0,https://scontent-ord5-3.xx.fbcdn.net/v/t45.1600-4/486723378_1140217207880932_4846594443513150965_n.png?stp=dst-jpg_tt6&_nc_cat=107&ccb=1-7&_nc_sid=890911&_nc_ohc=hffqTJWqc90Q7kNvwGJr018&_nc_oc=Adn7MNg71_2EvKfSRKidaeeA9lkvAuSRVJN7tn-N5soW3iyFb0-qG04EItUG2MrBBTI&_nc_zt=1&_nc_ht=scontent-ord5-3.xx&edm=AAT1rw8EAAAA&_nc_gid=RV13n_kPjFphu6hn9MZT6g&oh=00_AfcrzcxTOz1TtBPGn5YVGLjXObgBubFQgTZhwKFdeSUrtw&oe=68ED21A2,120233798573860563,IMG,0,5,0,,,Clicky Images+Cost/Price+Cool,Clicky Images+how much should new windows actually cost?+How many windows do you have in your home,Clicky Images+how much should new windows actually cost?,Cost/Price+how much should new windows actually cost?+How many windows do you have in your home,Clicky Images+No Logo,,,0,0,0,1,Low ROAS & Low BAR,Other,Other,Other,Low ROAS & Low BAR
Windows,Clicky_V3_Cost_HowMuchDoesXActuallyCost_IMG_Square_,Clicky Images,how much should new windows actually cost?,Cost/Price,Affordability,None,How many windows do you have in your home,Center Overlay,None,Curiosity/Exploratory,No Logo,None,High,Warm,,,,,,142800,1245,4512.65,44,22,2,0,0,3,4200,0.9307169845,0,13.63636364,,120232980195070563,IMG,0,0,0,,,Clicky Images+Cost/Price+Warm,Clicky Images+how much should new windows actually cost?+How many windows do you have in your home,Clicky Images+how much should new windows actually cost?,Cost/Price+how much should new windows actually cost?+How many windows do you have in your home,Clicky Images+No Logo,,,0,0,0,1,Low ROAS & Low BAR,Other,Other,Other,Low ROAS & Low BAR
Windows,Clickylavin_v2_Cost_hereswhatXshouldactuallycostyou_IMG_LearnMore_,Clicky Images,here's what windows should cost you in 2025,Cost/Price,Affordability,None,Tap your state to get prices,Center Overlay,None,Curiosity/Exploratory,No Logo,None,High,Cool,,,,,,1224947,20825,25256.76,260,216,14,4,129916,24,32400,1.282824875,0.2493919148,11.11111111,,120233798573710563,IMG,1,1,0,,,Clicky Images+Cost/Price+Cool,Clicky Images+here's what windows should cost you in 2025+Tap your state to get prices,Clicky Images+here's what windows should cost you in 2025,Cost/Price+here's what windows should cost you in 2025+Tap your state to get prices,Clicky Images+No Logo,,,0,1,0,0,High ROAS & Low BAR,Other,High ROAS & Low BAR,Other,Other
Windows,Clickylavin_v3_Cost_hereswhatXshouldactuallycostyou_IMG_LearnMore_,Clicky Images,here's what windows should cost you in 2025,Cost/Price,Affordability,None,Tap your state to get prices,Center Overlay,None,Curiosity/Exploratory,No Logo,None,High,Cool,,,,,,2321232,54406,58038.37,591,488,38,8,285027.54,49,73200,1.261234594,0.2568172886,10.04098361,,120233798573740563,IMG,3,0,0,,,Clicky Images+Cost/Price+Cool,Clicky Images+here's what windows should cost you in 2025+Tap your state to get prices,Clicky Images+here's what windows should cost you in 2025,Cost/Price+here's what windows should cost you in 2025+Tap your state to get prices,Clicky Images+No Logo,,,0,1,0,0,High ROAS & Low BAR,Other,High ROAS & Low BAR,Other,Other
Windows,d:Ad|c:Windows|b:NonBranded|s:Internal|ty:Image|st:Clicky|f:LuxWindowsMountains,Clicky Images,you'll love new windows,Outdated  ,Beauty/Modernization,None,Tap how many windows you'd replace,Center Overlay,None,Pride/Home Upgrade,No Logo,None,Mid,Cool,,,,,,67170,412,2069.08,8,5,2,0,0,2,750,0.3624799428,0,40,,120233473449300563,IMG,0,32,0,,,Clicky Images+Outdated  +Cool,Clicky Images+you'll love new windows+Tap how many windows you'd replace,Clicky Images+you'll love new windows,Outdated  +you'll love new windows+Tap how many windows you'd replace,Clicky Images+No Logo,,,0,0,1,0,Low ROAS & High BAR,Other,Other,Low ROAS & High BAR,Other
Windows,d:Ad|c:Windows|b:RBA|s:Internal|ty:Image|st:B&A|f:BOGOBNPLV1,BEAF Images,buy now pay later,Cost/Price,Affordability,BOGO / BNPL / $0 Down / Financing,"BUY ONE, GET ONE",None,None,Pride/Home Upgrade,Prominent Logo,None,High,Cool,,,,,,86918,398,2173.03,7,5,1,0,0,1,750,0.3451401959,0,20,https://scontent-iad3-1.xx.fbcdn.net/v/t45.1600-4/545446815_818145697216340_6599409071113371078_n.png?stp=dst-jpg_tt6&_nc_cat=107&ccb=1-7&_nc_sid=890911&_nc_ohc=1a3n7BcGaXMQ7kNvwGyrgml&_nc_oc=AdlY5bcJrKMvMX834COdgl-v1lwDfxPHWJWGJ4quGHUbiqEwU95mwQyK_yCqSezkWL0&_nc_zt=1&_nc_ht=scontent-iad3-1.xx&edm=AAT1rw8EAAAA&_nc_gid=es8HgccMdx2_JRUw-BDKtQ&oh=00_AfbI1OVdXoOU-jHd-1eX-QzBgDNpC5p3LmQQa7NXuLmYBg&oe=68D8C6B6,120233730228500563,IMG,0,27,0,,,BEAF Images+Cost/Price+Cool,"BEAF Images+buy now pay later+BUY ONE, GET ONE",BEAF Images+buy now pay later,"Cost/Price+buy now pay later+BUY ONE, GET ONE",BEAF Images+Prominent Logo,,,0,0,1,0,Low ROAS & High BAR,Other,Other,Low ROAS & High BAR,Other
Windows,d:Ad|c:Windows|b:RBA|s:Internal|ty:Image|st:Clicky|f:CostV1,Clicky Images,curious what new windows should cost you?,Cost/Price,Affordability,None,Tap your state to learn more!,Center Overlay,None,Curiosity/Exploratory,Prominent Logo,None,High,Cool,,,,,,649817,6157,16110.41,155,104,19,5,115868,28,17550,1.089357751,0.1514654607,26.92307692,https://scontent-ord5-1.xx.fbcdn.net/v/t45.1600-4/511734098_1955130175233245_5101499800319309626_n.png?stp=dst-jpg_tt6&_nc_cat=111&ccb=1-7&_nc_sid=890911&_nc_ohc=Puml0JBqTS0Q7kNvwEkdpfv&_nc_oc=AdnHopKVS2tTkrSoqWB_b06uOVZkdok_RyIt32X5zUkyJ-kzeUfrlcJqGeTdIOnRTg0&_nc_zt=1&_nc_ht=scontent-ord5-1.xx&edm=AAT1rw8EAAAA&_nc_gid=RV13n_kPjFphu6hn9MZT6g&oh=00_Afc-1u4SIgbQo_zUgMfH8EniiL2ckRYkaZBv3hgvg0eiwg&oe=68ED4ABD,120234738665970563,IMG,1,0,0,,,Clicky Images+Cost/Price+Cool,Clicky Images+curious what new windows should cost you?+Tap your state to learn more!,Clicky Images+curious what new windows should cost you?,Cost/Price+curious what new windows should cost you?+Tap your state to learn more!,Clicky Images+Prominent Logo,,,1,0,0,0,High ROAS & High BAR,High ROAS & High BAR,Other,Other,Other
Windows,d:Ad|c:Windows|b:RBA|s:Internal|ty:Image|st:Clicky|f:CostV2,Clicky Images,curious what new windows should cost you?,Cost/Price,Affordability,None,Tap your state to learn more!,Center Overlay,None,Curiosity/Exploratory,Prominent Logo,None,Mid,Cool,,,,,,272047,3823,9914.96,91,22,4,3,149416,9,10500,1.059005785,0.07027359854,40.90909091,,120234738665930563,IMG,0,0,0,,,Clicky Images+Cost/Price+Cool,Clicky Images+curious what new windows should cost you?+Tap your state to learn more!,Clicky Images+curious what new windows should cost you?,Cost/Price+curious what new windows should cost you?+Tap your state to learn more!,Clicky Images+Prominent Logo,,,1,0,0,0,High ROAS & High BAR,High ROAS & High BAR,Other,Other,Other
Windows,Greenbar_V1_BNPLEvergreenOffer__IMG_LearnMore_lead,Promos & Offers,buy one get one!40%off + $200 off purchase,Cost/Price,Affordability,BNPL / $0 Down / Financing,Act Now to Claim This Offer,Bottom Right,None,Urgency/FOMO,Prominent Logo,Limited Time Offer,High,Warm,,,,,,33830,245,1934.75,18,13,1,1,31148,1,1950,1.007882155,0.06260434057,7.692307692,https://scontent-iad3-1.xx.fbcdn.net/v/t45.1600-4/526600589_756025654256665_6416982328926687738_n.png?stp=dst-jpg_tt6&_nc_cat=109&ccb=1-7&_nc_sid=890911&_nc_ohc=GNPFnFAdGcYQ7kNvwGHEzMB&_nc_oc=AdmD6X_NunXbCJ0mEPJihLBOu4ybwff6NcTd61c6M0If1Q1UfILTBeNAi3hdnaUHRXM&_nc_zt=1&_nc_ht=scontent-iad3-1.xx&edm=AAT1rw8EAAAA&_nc_gid=p9aad7N-wF4R7gSflohzdA&oh=00_Afb82nbQ-kYzhYLM3ha69u9MbSDv_KxuxO1XADVP9_Ta-g&oe=68D8F0B6,120232410395140496,IMG,2,2,0,,,Promos & Offers+Cost/Price+Warm,Promos & Offers+buy one get one!40%off + $200 off purchase+Act Now to Claim This Offer,Promos & Offers+buy one get one!40%off + $200 off purchase,Cost/Price+buy one get one!40%off + $200 off purchase+Act Now to Claim This Offer,Promos & Offers+Prominent Logo,,,0,0,0,1,Low ROAS & Low BAR,Other,Other,Other,Low ROAS & Low BAR
Windows,V2_BOGOEvergreenOffer__IMG_LearnMore_lead,Promos & Offers,buy one get one!40%off + $200 off purchase,Cost/Price,Affordability,BOGO,Tap your state to learn more!,Center Overlay,None,Urgency/FOMO,Prominent Logo,Limited Time Offer,Mid,Warm,,,,,,55464,317,1467.89,7,6,0,0,0,0,1050,0.7153124553,0,0,https://scontent-iad3-2.xx.fbcdn.net/v/t45.1600-4/519575542_1410707270140610_927306813693086663_n.png?stp=dst-jpg_tt6&_nc_cat=100&ccb=1-7&_nc_sid=890911&_nc_ohc=ILnXNYoT_NQQ7kNvwHYWKue&_nc_oc=AdmpFm_zkJfaRTGxuTh0MEFZbuukHMADmxNaMSfCLowGULD0eiSiqRsWR-xkOwE1cR0&_nc_zt=1&_nc_ht=scontent-iad3-2.xx&edm=AAT1rw8EAAAA&_nc_gid=vmGtE1haL7XtbYsrnM-Kyg&oh=00_AfYwfylgrAEtnHQis_1wakwkSoHPzzUm4i9Uc4zcGk52Ig&oe=68C588B3,120234300904630496,IMG,0,8,0,,,Promos & Offers+Cost/Price+Warm,Promos & Offers+buy one get one!40%off + $200 off purchase+Tap your state to learn more!,Promos & Offers+buy one get one!40%off + $200 off purchase,Cost/Price+buy one get one!40%off + $200 off purchase+Tap your state to learn more!,Promos & Offers+Prominent Logo,,,0,0,0,1,Low ROAS & Low BAR,Other,Other,Other,Low ROAS & Low BAR
Windows,V4_BOGOEvergreenOffer__IMG_LearnMore_lead,Promos & Offers,buy one get one!40%off + $200 off purchase,Cost/Price,Affordability,BOGO,IN YOUR AREA,Center Overlay,None,Urgency/FOMO,Prominent Logo,Limited Time Offer,High,Warm,,,,,,49458,299,1241.77,9,8,4,0,0,5,1200,0.9663625309,0,62.5,https://scontent-ord5-3.xx.fbcdn.net/v/t45.1600-4/519988184_1200544891758067_2422494199146288868_n.png?stp=dst-jpg_tt6&_nc_cat=110&ccb=1-7&_nc_sid=890911&_nc_ohc=FTy9Ai5xiQgQ7kNvwH8KFl7&_nc_oc=AdmBsslCKWlBe7i-cuZYs9oslhtpWu_vUctkjMB3l5IYpd7Jp5lH8Rstck3PEbAzE5g&_nc_zt=1&_nc_ht=scontent-ord5-3.xx&edm=AAT1rw8EAAAA&_nc_gid=-nzt9ywiaAPs0ecidsR1fQ&oh=00_AfcqpXGBlpF3PjBf2vobd_1ncnGVnzwBxoz1YfasP6O6pQ&oe=68ED1D4B,120234300904610496,IMG,2,7,0,,,Promos & Offers+Cost/Price+Warm,Promos & Offers+buy one get one!40%off + $200 off purchase+IN YOUR AREA,Promos & Offers+buy one get one!40%off + $200 off purchase,Cost/Price+buy one get one!40%off + $200 off purchase+IN YOUR AREA,Promos & Offers+Prominent Logo,,,0,0,1,0,Low ROAS & High BAR,Other,Other,Low ROAS & High BAR,Other
Windows,V5_BOGO+BNPL_EvergreenOffer__IMG_LearnMore_lead,Promos & Offers,buy one get one!40%off + $200 off purchase,Cost/Price,Affordability,BOGO / BNPL / $0 Down / Financing,Act Now to Claim This Offer,Bottom Right,None,Urgency/FOMO,Prominent Logo,Limited Time Offer,High,Warm,,,,,,2877155,12950,90028.33,625,506,131,21,556338.35,163,81150,0.9013829314,0.1458644726,32.21343874,https://scontent-ord5-3.xx.fbcdn.net/v/t45.1600-4/531300066_1058871806396409_8059671158685936390_n.png?stp=dst-jpg_tt6&_nc_cat=107&ccb=1-7&_nc_sid=890911&_nc_ohc=P6cifMuyjLsQ7kNvwHjboYE&_nc_oc=AdnjnITIDUNMa2qwyVc0oHYjddZgraJa1wf9f7A40lBXnhqYCc_3hkRjm6WNyLiLtN0&_nc_zt=1&_nc_ht=scontent-ord5-3.xx&edm=AAT1rw8EAAAA&_nc_gid=X8NrY_UzReCZILMDuzTv-A&oh=00_AfdsTyWTyOjuQ9_DyqsEugqSKn307gdRhD7WHADjgk_Mzg&oe=68ED2931,120234300904580496,IMG,7,707,1,,,Promos & Offers+Cost/Price+Warm,Promos & Offers+buy one get one!40%off + $200 off purchase+Act Now to Claim This Offer,Promos & Offers+buy one get one!40%off + $200 off purchase,Cost/Price+buy one get one!40%off + $200 off purchase+Act Now to Claim This Offer,Promos & Offers+Prominent Logo,,,0,0,1,0,Low ROAS & High BAR,Other,Other,Low ROAS & High BAR,Other
Windows,Whiteboard_ClickyNumberWindowsBrand_V1_IMG_LearnMore_,Clicky Images,curious what new windows should cost you?,Cost/Price,Affordability,None,Tap your state to learn more!,Center Overlay,None,Curiosity/Exploratory,Prominent Logo,None,Mid,Cool,,,,,,22283,223,2044.56,22,17,0,0,0,0,2550,1.247212114,0,0,,120230381329270563,IMG,0,0,0,,,Clicky Images+Cost/Price+Cool,Clicky Images+curious what new windows should cost you?+Tap your state to learn more!,Clicky Images+curious what new windows should cost you?,Cost/Price+curious what new windows should cost you?+Tap your state to learn more!,Clicky Images+Prominent Logo,,,0,1,0,0,High ROAS & Low BAR,Other,High ROAS & Low BAR,Other,Other
Windows,Whiteboard_ClickyNumberWindowsBrand_V2_IMG_LearnMore_,Clicky Images,curious about replacing your windows?,Drafty/Old/Leaky/Broken,Beauty/Modernization,None,Tap how many windows you need replaced,Center Overlay,None,Curiosity/Exploratory,Prominent Logo,None,Mid,Cool,,,,,,677294,3555,22565.08,259,175,17,7,188058.2,19,26250,1.163301881,0.1395844478,10.85714286,,120230381329290563,IMG,1,0,0,,,Clicky Images+Drafty/Old/Leaky/Broken+Cool,Clicky Images+curious about replacing your windows?+Tap how many windows you need replaced,Clicky Images+curious about replacing your windows?,Drafty/Old/Leaky/Broken+curious about replacing your windows?+Tap how many windows you need replaced,Clicky Images+Prominent Logo,,,0,1,0,0,High ROAS & Low BAR,Other,High ROAS & Low BAR,Other,Other
Windows,Whiteboard_ClickyNumberWindowsBrand_V3_IMG_LearnMore_,Clicky Images,ready for new windows?,Outdated  ,Beauty/Modernization,None,Tap how many windows you need replaced,Center Overlay,None,Pride/Home Upgrade,Prominent Logo,None,Mid,Cool,,,,,,2827018,8795,56031.9,479,372,57,13,429015,73,55800,0.9958612862,0.1300653823,19.62365591,https://scontent-ord5-2.xx.fbcdn.net/v/t45.1600-4/510618905_3609999869301822_1185130744711689543_n.png?stp=dst-jpg_tt6&_nc_cat=103&ccb=1-7&_nc_sid=890911&_nc_ohc=EdipUwR7FccQ7kNvwGti0pQ&_nc_oc=Adn0fcCMNzGgQDWWIwVpulMsdykJRKlVgLAue-bXGU_31Nh6MM32qrjGvPAF1VPviro&_nc_zt=1&_nc_ht=scontent-ord5-2.xx&edm=AAT1rw8EAAAA&_nc_gid=RV13n_kPjFphu6hn9MZT6g&oh=00_Afc71krpbZAn9IANRbHsBSC9Mi6BQZSSL06ENH9eqL1Iyw&oe=68ED3DB0,120230381329300563,IMG,2,0,0,,,Clicky Images+Outdated  +Cool,Clicky Images+ready for new windows?+Tap how many windows you need replaced,Clicky Images+ready for new windows?,Outdated  +ready for new windows?+Tap how many windows you need replaced,Clicky Images+Prominent Logo,,,0,0,1,0,Low ROAS & High BAR,Other,Other,Low ROAS & High BAR,Other
Windows,Whiteboard_ClickyStateBrand_Cost_IMG_LearnMore_,Clicky Images,curious what new windows should cost you?,Cost/Price,Affordability,None,Tap your state to learn more!,Center Overlay,None,Curiosity/Exploratory,Prominent Logo,None,Mid,Cool,,,,,,2058686,19113,70809.24,593,506,68,20,697861.73,83,76050,1.074012375,0.1089757422,16.40316206,,120229990892160563,IMG,3,0,0,,,Clicky Images+Cost/Price+Cool,Clicky Images+curious what new windows should cost you?+Tap your state to learn more!,Clicky Images+curious what new windows should cost you?,Cost/Price+curious what new windows should cost you?+Tap your state to learn more!,Clicky Images+Prominent Logo,,,1,0,0,0,High ROAS & High BAR,High ROAS & High BAR,Other,Other,Other
Windows,Whiteboard_ClickyStateBrand_EnergyBills_IMG_LearnMore_,Clicky Images,new windows could help you save on energy bills,High Bills,Energy Efficiency,None,Tap your state to learn more!,Center Overlay,None,Relief/Comfort,Prominent Logo,None,Mid,Cool,,,,,,42798,514,3008.76,54,31,0,0,0,1,4650,1.545487177,0,3.225806452,,120229990892190563,IMG,0,0,0,,,Clicky Images+High Bills+Cool,Clicky Images+new windows could help you save on energy bills+Tap your state to learn more!,Clicky Images+new windows could help you save on energy bills,High Bills+new windows could help you save on energy bills+Tap your state to learn more!,Clicky Images+Prominent Logo,,,0,1,0,0,High ROAS & Low BAR,Other,High ROAS & Low BAR,Other,Other
Windows,Whiteboard_ClickyStateBrand_Offers_IMG_LearnMore_,Clicky Images,special offers on window replacements,Cost/Price,Affordability,None,Tap your state to learn more!,Center Overlay,None,Urgency/FOMO,Prominent Logo,Limited Time Offer,Mid,Cool,,,,,,849117,7279,27743.4,262,223,30,11,377616.59,40,33450,1.205692165,0.0885819132,17.93721973,https://scontent-iad3-1.xx.fbcdn.net/v/t45.1600-4/512261879_1734031000819861_289641535304417243_n.png?stp=dst-jpg_tt6&_nc_cat=110&ccb=1-7&_nc_sid=890911&_nc_ohc=3fAKxcgCkhYQ7kNvwFjxW26&_nc_oc=AdmhyeQqJs_kej_xFuVGZvci4IhRH5GcpQ_99sZ448jDq7uX2GxzmOONRLEusHqkk8o&_nc_zt=1&_nc_ht=scontent-iad3-1.xx&edm=AAT1rw8EAAAA&_nc_gid=noF-w9YNWFGWnotm3q7Y9Q&oh=00_AfaNXFrwcIPhCfndQDsq3iNeirB7snEnpAlfC2fo1szM8w&oe=68C4B43B,120229990892200563,IMG,0,0,0,,,Clicky Images+Cost/Price+Cool,Clicky Images+special offers on window replacements+Tap your state to learn more!,Clicky Images+special offers on window replacements,Cost/Price+special offers on window replacements+Tap your state to learn more!,Clicky Images+Prominent Logo,,,1,0,0,0,High ROAS & High BAR,High ROAS & High BAR,Other,Other,Other
Windows,Whiteboard_ClickyStateBrand_Upgrade_IMG_LearnMore_,Clicky Images,ready to upgrade your windows?,Outdated  ,Beauty/Modernization,None,Tap your state to learn more!,Center Overlay,None,Pride/Home Upgrade,Prominent Logo,None,Mid,Cool,,,,,,40688,348,1577.23,19,9,0,0,0,1,1350,0.8559309676,0,11.11111111,https://scontent-iad3-1.xx.fbcdn.net/v/t45.1600-4/513072266_1816381535593356_6792188745186520911_n.png?stp=dst-jpg_tt6&_nc_cat=102&ccb=1-7&_nc_sid=890911&_nc_ohc=jQ-qQo0CkhwQ7kNvwE_t82X&_nc_oc=Admn3Q80pVi2YZe2pjkS06HIu6FWOZGuVNi-Mv28LN69gBMQhCRXT95JXQSQXoIJwCk&_nc_zt=1&_nc_ht=scontent-iad3-1.xx&edm=AAT1rw8EAAAA&_nc_gid=Q3u44ukLEqbDAJ-ccX7jng&oh=00_AfYm81fTv_Sx5CHyiuvmYWivNd8UVRKq7Z77SvnGidcqYg&oe=68C49E8E,120229990892180563,IMG,0,0,0,,,Clicky Images+Outdated  +Cool,Clicky Images+ready to upgrade your windows?+Tap your state to learn more!,Clicky Images+ready to upgrade your windows?,Outdated  +ready to upgrade your windows?+Tap your state to learn more!,Clicky Images+Prominent Logo,,,0,0,0,1,Low ROAS & Low BAR,Other,Other,Other,Low ROAS & Low BAR
Windows,Whiteboard_deviousdan_Cost_HereswhatXshouldcostyouin2025_IMG_LearnMore_,Clicky Images,here's what windows should cost you in 2025,Cost/Price,Affordability,None,Just Tap to find out,Bottom Center,None,Curiosity/Exploratory,No Logo,None,Mid,Cool,,,,,,662999,5604,12107.66,120,84,9,5,280988,13,13500,1.114996622,0.04804475636,15.47619048,https://scontent-ord5-2.xx.fbcdn.net/v/t45.1600-4/516919008_1432354884559642_4279669136817153941_n.jpg?_nc_cat=103&ccb=1-7&_nc_sid=890911&_nc_ohc=xz9GmbuC2lkQ7kNvwFni9dn&_nc_oc=Adm_G6BNoSzLNmZ2nSMZsEZemYJ4UQSG3Vvjx9NY4weZGEVYejvomr15Gw04q0S2CA4&_nc_zt=1&_nc_ht=scontent-ord5-2.xx&edm=AAT1rw8EAAAA&_nc_gid=-nzt9ywiaAPs0ecidsR1fQ&oh=00_Afc-uT8ILgpEDNE-Qap4C0ED7SgtOZA1jUAEjRIOzC-pcw&oe=68ED437C,120233798573750563,IMG,0,15,0,,,Clicky Images+Cost/Price+Cool,Clicky Images+here's what windows should cost you in 2025+Just Tap to find out,Clicky Images+here's what windows should cost you in 2025,Cost/Price+here's what windows should cost you in 2025+Just Tap to find out,Clicky Images+No Logo,,,1,0,0,0,High ROAS & High BAR,High ROAS & High BAR,Other,Other,Other
Windows,Whiteboard_justgarry_Cost_HereswhatXshouldcostyouin2025_IMG_LearnMore_,Clicky Images,here's what windows should cost you in 2025,Cost/Price,Affordability,None,Just Tap to find out,Bottom Left,None,Curiosity/Exploratory,No Logo,None,Mid,Cool,,,,,,472963,5792,16371.2,157,112,13,2,13723,17,18900,1.15446638,1.377249872,15.17857143,https://scontent-ord5-2.xx.fbcdn.net/v/t45.1600-4/516828554_3815186032105150_8275536644047281952_n.jpg?_nc_cat=105&ccb=1-7&_nc_sid=890911&_nc_ohc=wG-TKAFeTAQQ7kNvwGe-wbN&_nc_oc=AdloSYrsID3UcPLGrq6MjtofZYBxwgR0lM6_pLfTFyhtDRhhCe3xZGn_Wru8dLGA89o&_nc_zt=1&_nc_ht=scontent-ord5-2.xx&edm=AAT1rw8EAAAA&_nc_gid=-nzt9ywiaAPs0ecidsR1fQ&oh=00_AfdTd7jtt7JYTazpPiNp8NHqxcpdzdnlLxz9tkDCvAIVxg&oe=68ED1ACF,120233798573830563,IMG,3,55,0,,,Clicky Images+Cost/Price+Cool,Clicky Images+here's what windows should cost you in 2025+Just Tap to find out,Clicky Images+here's what windows should cost you in 2025,Cost/Price+here's what windows should cost you in 2025+Just Tap to find out,Clicky Images+No Logo,,,1,0,0,0,High ROAS & High BAR,High ROAS & High BAR,Other,Other,Other
Windows,BeforeAfter_Cost_V2_IMG_LearnMore_,BEAF Images,How Much Should New Windows Actually Cost in 2025?,Outdated,Beauty/Modernization,None,Tap To Find Out More,Bottom Right,None,Pride/Home Upgrade,No Logo,None,High,Warm,None,N,N,N,N,72425,355,1163.86,20,9,1,0,0,1,1500,1.288814806,0,11.11111111,https://scontent-ord5-3.xx.fbcdn.net/v/t45.1600-4/517902358_1660927297950435_781273645598318587_n.jpg?_nc_cat=100&ccb=1-7&_nc_sid=890911&_nc_ohc=GAvhO3t2MrgQ7kNvwGPxxnQ&_nc_oc=Adm8YMvG8dhuZojTVsdLIiIyx0shvAhj06nE7iG922pOTRZUNg9i8Plxum-ypROhna4&_nc_zt=1&_nc_ht=scontent-ord5-3.xx&edm=AAT1rw8EAAAA&_nc_gid=-nzt9ywiaAPs0ecidsR1fQ&oh=00_AfcQweGw6qxq_PwfboHa13C4BuVyWS_29i_9gr88fyBa5A&oe=68ED1858,120233798573810563,IMG,1,0,0,,,BEAF Images+Outdated+Warm,BEAF Images+How Much Should New Windows Actually Cost in 2025?+Tap To Find Out More,BEAF Images+How Much Should New Windows Actually Cost in 2025?,Outdated+How Much Should New Windows Actually Cost in 2025?+Tap To Find Out More,BEAF Images+No Logo,,,0,1,0,0,High ROAS & Low BAR,Other,High ROAS & Low BAR,Other,Other
Windows,Clicky_NumberWindowsBrand_V1_IMG_LearnMore_,Clicky Images,upgrade your windows this summer!,Outdated,Beauty/Modernization,None,Tap how many windows you need replaced,Center Overlay,None,Pride/Home Upgrade,Prominent Logo,Seasonal (Winter/Summer Cue),High,Cool,None,N,N,N,N,117453,954,1114.79,20,5,0,0,0,0,1050,0.9418814306,0,0,https://scontent-ord5-3.xx.fbcdn.net/v/t45.1600-4/517286404_1028491909268072_7935885785350343579_n.jpg?_nc_cat=106&ccb=1-7&_nc_sid=890911&_nc_ohc=S2F8cSEGU9wQ7kNvwEOX9bK&_nc_oc=AdncYOpvQVWp10t3zy2DzA28OnCjgeEtSBVUaYSDGjpha-nBJuNAJs2uBFiQfaf00is&_nc_zt=1&_nc_ht=scontent-ord5-3.xx&edm=AAT1rw8EAAAA&_nc_gid=-nzt9ywiaAPs0ecidsR1fQ&oh=00_AfccQoGhAB7Vtdrv7lfOE11g7LbjpyW7169TPC5ZfpJcgA&oe=68ED3999,120233798573840563,IMG,0,0,0,,,Clicky Images+Outdated+Cool,Clicky Images+upgrade your windows this summer!+Tap how many windows you need replaced,Clicky Images+upgrade your windows this summer!,Outdated+upgrade your windows this summer!+Tap how many windows you need replaced,Clicky Images+Prominent Logo,,,0,0,0,1,Low ROAS & Low BAR,Other,Other,Other,Low ROAS & Low BAR
Windows,Clicky_StateBrand_Upgrade_IMG_LearnMore_,Clicky Images,ready to upgrade your windows?,Outdated,Beauty/Modernization,None,Tap your state to learn more!,Bottom Left,None,Pride/Home Upgrade,Prominent Logo,None,Mid,Cool,None,N,N,N,N,44482,535,1019.07,8,5,1,0,0,1,750,0.7359651447,0,20,https://scontent-ord5-2.xx.fbcdn.net/v/t45.1600-4/513072266_1816381535593356_6792188745186520911_n.png?stp=dst-jpg_tt6&_nc_cat=102&ccb=1-7&_nc_sid=890911&_nc_ohc=TSDOfDYb5dMQ7kNvwEzxyIl&_nc_oc=AdmofwEpfmUk4gUDNwLHngO7CGGhDXtcWPzgpicdjcZaCze_u6kWx1UOHPSBxQp7wHA&_nc_zt=1&_nc_ht=scontent-ord5-2.xx&edm=AAT1rw8EAAAA&_nc_gid=jljkO1YtdBfBY4mgWiWw5Q&oh=00_AfeZz2005uokJvkDrBqwn1aIdl4Ocu_aq0V9LKGpKjDLIA&oe=68ED44CE,120233798573760563,IMG,1,2,0,,,Clicky Images+Outdated+Cool,Clicky Images+ready to upgrade your windows?+Tap your state to learn more!,Clicky Images+ready to upgrade your windows?,Outdated+ready to upgrade your windows?+Tap your state to learn more!,Clicky Images+Prominent Logo,,,0,0,1,0,Low ROAS & High BAR,Other,Other,Low ROAS & High BAR,Other
Windows,d:Ad|c:Windows|b:RBA|s:Internal|ty:Image|st:Clicky|f:Window1,Clicky Images,"big news for tampa bay, fl",Other,Other,None,TAP FOR PRICING!,Bottom Center,None,Pride/Home Upgrade,Prominent Logo,None,High,Cool,None,N,N,N,N,43152,269,1581.05,2,1,0,0,0,0,150,0.09487365991,0,0,https://scontent-ord5-2.xx.fbcdn.net/v/t45.1600-4/552209037_819862010609125_2378501332386822715_n.png?stp=dst-jpg_tt6&_nc_cat=104&ccb=1-7&_nc_sid=890911&_nc_ohc=wiDhxkisKIIQ7kNvwGcpMSX&_nc_oc=AdnsCOtyKi8Edg8D6Wsy-T8e8_CYiXDF3KiGen14V_hPWEY6EKY11PiyxeMNImMGslA&_nc_zt=1&_nc_ht=scontent-ord5-2.xx&edm=AAT1rw8EAAAA&_nc_gid=X8NrY_UzReCZILMDuzTv-A&oh=00_AfdOjGSDLP1YyI-bQKxmVwRN_g3QCUQ9mkUKkzOf1emZmA&oe=68ED32F6,120234392848380563,IMG,0,23,0,,,Clicky Images+Other+Cool,"Clicky Images+big news for tampa bay, fl+TAP FOR PRICING!","Clicky Images+big news for tampa bay, fl","Other+big news for tampa bay, fl+TAP FOR PRICING!",Clicky Images+Prominent Logo,,,0,0,0,1,Low ROAS & Low BAR,Other,Other,Other,Low ROAS & Low BAR
Windows,d:Ad|c:Windows|b:RBA|s:Internal|ty:Image|st:Issue|f:UkieLLV2,BEAF Images,buy now pay later,Outdated,Beauty/Modernization,BOGO / BNPL / $0 Down / Financing,None,None,None,Relief/Comfort,No Logo,None,High,Cool,Hands Only,N,Y,N,N,61898,451,2382.86,9,8,0,0,0,1,1200,0.5035965185,0,12.5,https://scontent-iad3-1.xx.fbcdn.net/v/t45.1600-4/552305593_675160562300125_6651742743633979610_n.png?stp=dst-jpg_tt6&_nc_cat=110&ccb=1-7&_nc_sid=890911&_nc_ohc=x3wYL2bNII0Q7kNvwFgSj6z&_nc_oc=Adn7ycydX-Lg1Xsg1tebVWi-Lvnknpzu_tNjkkDwmSYgwOcMI11CoXXlW-yyNYmG9nI&_nc_zt=1&_nc_ht=scontent-iad3-1.xx&edm=AAT1rw8EAAAA&_nc_gid=vnoS7pLmFXMdrPUgaF8SEA&oh=00_AfaC19TynDFy779gqBgIPxV6RXOvjf351DP2FTBM8W-ccg&oe=68D8F627,120234427338530563,IMG,6,9,0,,,BEAF Images+Outdated+Cool,BEAF Images+buy now pay later+None,BEAF Images+buy now pay later,Outdated+buy now pay later+None,BEAF Images+No Logo,,,0,0,0,1,Low ROAS & Low BAR,Other,Other,Other,Low ROAS & Low BAR
Windows,d:Ad|c:Windows|b:RBA|s:Internal|ty:Image|st:Offer|f:BOGOBNPLEvergreen,Promos & Offers,buy one get one!40%off + $200 off purchase,Cost/Price,Affordability,BOGO / BNPL / $0 Down / Financing,Act Now to Claim This Offer,Bottom Right,None,Urgency/FOMO,Prominent Logo,None,High,Cool,Body No Face,Y,Y,Y,N,43941,244,1737.88,25,11,3,2,84946,5,2550,1.467304992,0.03001907094,45.45454545,https://scontent-ord5-3.xx.fbcdn.net/v/t45.1600-4/531300066_1058871806396409_8059671158685936390_n.png?stp=dst-jpg_tt6&_nc_cat=107&ccb=1-7&_nc_sid=890911&_nc_ohc=P6cifMuyjLsQ7kNvwHjboYE&_nc_oc=AdnjnITIDUNMa2qwyVc0oHYjddZgraJa1wf9f7A40lBXnhqYCc_3hkRjm6WNyLiLtN0&_nc_zt=1&_nc_ht=scontent-ord5-3.xx&edm=AAT1rw8EAAAA&_nc_gid=RV13n_kPjFphu6hn9MZT6g&oh=00_Afc7V08CrfMJ3ZV9lMOXA9qCCJn14XO0zdBDtzz6fAA1Kw&oe=68ED2931,120234738665980563,IMG,0,18,0,,,Promos & Offers+Cost/Price+Cool,Promos & Offers+buy one get one!40%off + $200 off purchase+Act Now to Claim This Offer,Promos & Offers+buy one get one!40%off + $200 off purchase,Cost/Price+buy one get one!40%off + $200 off purchase+Act Now to Claim This Offer,Promos & Offers+Prominent Logo,,,1,0,0,0,High ROAS & High BAR,High ROAS & High BAR,Other,Other,Other