Concepts,ad_name,SUM of spend,SUM of matched_leads,SUM of booked_appts,SUM of hs_rev,BAR,ROAS,# of Adsets,URL
Promos & Offers,d:Ad|c:Bath|b:Nonbrand|s:Internal|ty:Image|st:AngiBathCost|f:V1,782.43,0,0,126.31,0%,0.16,1,https://scontent-iad3-2.xx.fbcdn.net/v/t45.1600-4/548560728_24215234428161079_2509574841514937189_n.png?stp=dst-jpg_tt6&_nc_cat=103&ccb=1-7&_nc_sid=890911&_nc_ohc=KPN7k4mWkPsQ7kNvwEkxfZW&_nc_oc=AdnLilc6MkGyXh8G7APtKHBIvAmf71nSoelp1bVj9uq69h3X9mkqeRy-W13dwlnqxZ8&_nc_zt=1&_nc_ht=scontent-iad3-2.xx&edm=AAT1rw8EAAAA&_nc_gid=fy44ZyhjrsrDcJgjCE6EsA&oh=00_AfYfxFVkr0H0USPnPWnBZekbbwHR3Td2jCsNCm4r0hauXg&oe=68DFFE76
Promos & Offers,d:Ad|c:Bath|b:Nonbrand|s:Internal|ty:Image|st:AngiBathCost|f:V2,1481.34,1,0,547.07,0%,0.37,1,https://scontent.fcae1-1.fna.fbcdn.net/v/t45.1600-4/547587900_4108063962838094_8633894200957449797_n.png?stp=cp0_dst-jpg_p640x640_q90_spS444_tt6&_nc_cat=103&ccb=1-7&_nc_sid=c02adf&_nc_ohc=C-PiIZd_OzUQ7kNvwFpAl6W&_nc_oc=AdmaKJArYTK-M0ZJVodtBeCeltOLb0OY5huChV1JB2PVybckjBEpunIEl2hZT6grFuw&_nc_zt=1&_nc_ht=scontent.fcae1-1.fna&_nc_gid=u3JqrFkYpVvjsfuyyHwnuw&oh=00_AfbPzyEgNncCGxL0DZpAfKRO4Ak69PdSdWQJcboUtAYCqQ&oe=68E097A0
Promos & Offers,d:Ad|c:Bath|b:Nonbrand|s:Internal|ty:Image|st:AngiBathCost|f:V3,1275.51,5,0,700.61,0%,0.55,1,https://scontent.fcae1-1.fna.fbcdn.net/v/t45.1600-4/548024953_1495713624784334_5564801142069949133_n.png?stp=cp0_dst-jpg_p640x640_q90_spS444_tt6&_nc_cat=105&ccb=1-7&_nc_sid=c02adf&_nc_ohc=agM_FEiXt04Q7kNvwGLDuxY&_nc_oc=AdkXlVWxt-Bau-cI9Q4Pbwg51OqYCsvo9JitN7qYRWMlI5HMtCTMf5muZn39gDj4gxE&_nc_zt=1&_nc_ht=scontent.fcae1-1.fna&_nc_gid=2zwfg61ln7dXwiOZ5IrFiQ&oh=00_AfYBnYoID5z7ZbzPLzerVOOUlFkgAOgIUXh-l-kaDwVH9w&oe=68E09CF7
BEAF Images,d:Ad|c:Bath|b:Nonbrand|s:Internal|ty:Image|st:BeforeAfter|f:90s - Copy,1084.32,4,1,481.41,25%,0.44,1,https://scontent-iad3-1.xx.fbcdn.net/v/t45.1600-4/528223355_1095196645334610_8184373223283995777_n.png?stp=dst-jpg_tt6&_nc_cat=110&ccb=1-7&_nc_sid=890911&_nc_ohc=pS1d6PBmEI8Q7kNvwFJZyxe&_nc_oc=AdmCVQMasTsx9KfsncD_rGdSJV3_is-4N0Q9fS4rNz58DaEgJP1p66aNxzl1iKAFevI&_nc_zt=1&_nc_ht=scontent-iad3-1.xx&edm=AAT1rw8EAAAA&_nc_gid=2WVtUDfjfq7exmXee2MiNw&oh=00_AfYZEWtm5tOV6KkW0cQchwJhXf_3VNx7EFd50nNm8O1oCQ&oe=68DFCE4B
BEAF Images,d:Ad|c:Bath|b:Nonbrand|s:Internal|ty:Image|st:BeforeAfter|f:BathroomV1,3960.39,24,1,3126,4%,0.79,11,https://scontent.fcae1-1.fna.fbcdn.net/v/t45.1600-4/528602946_657154810744043_8666428234305348268_n.png?stp=cp0_dst-jpg_p640x640_q90_spS444_tt6&_nc_cat=105&ccb=1-7&_nc_sid=c02adf&_nc_ohc=7djjMZoi6AEQ7kNvwHYuKcI&_nc_oc=AdnfBnuktjzD8RIYklJ-ev_4CeuTDLUbsu_-eq8cFSQ-58P3y_GSfVJo6zdIKf6iTuY&_nc_zt=1&_nc_ht=scontent.fcae1-1.fna&_nc_gid=0itRaT-NdCP2mlpxN6bB4A&oh=00_AfZyZL168My4dKdZbVYTbDuNBaFgI_38mjeFx3BD8uA4BQ&oe=68E0B3F4
Clicky Images,d:Ad|c:Bath|b:Nonbrand|s:Internal|ty:Image|st:ClickyQuestion|f:#Showers,921.48,5,0,486.58,0%,0.53,9,https://scontent-iad3-1.xx.fbcdn.net/v/t45.1600-4/528053927_667707079661224_8049850909094681134_n.png?stp=cp0_dst-jpg_p640x640_q90_spS444_tt6&_nc_cat=101&ccb=1-7&_nc_sid=c02adf&_nc_ohc=J0VIyyjSOccQ7kNvwHFY4jm&_nc_oc=AdmqqVKTfQlvROFV27OGoOI1kOJtU5qNIAFCty5E4jQ20JjIxkITwcQRMINDOxVH6NJjfGoTTPO2UMEPSRYJr2Ys&_nc_zt=1&_nc_ht=scontent-iad3-1.xx&_nc_gid=TUWt8WVEVkVApYn5ngv3jQ&oh=00_AfZ6v13bmNAKalqrVzfcw1rnRjOIOGNbyhnYcM3EWhyU1g&oe=68E2DBEA
Clicky Images,d:Ad|c:Bath|b:Nonbrand|s:Internal|ty:Image|st:ClickyQuestion|f:Cleobathra,1641.57,5,2,623.69,40%,0.38,9,https://scontent-iad3-1.xx.fbcdn.net/v/t45.1600-4/528816672_773797905092421_879389118471620444_n.png?stp=cp0_dst-jpg_p640x640_q90_spS444_tt6&_nc_cat=108&ccb=1-7&_nc_sid=19da1b&_nc_ohc=tzjgX5QJ3JYQ7kNvwHx-4iX&_nc_oc=Adl9jCBm7trzqQ8X2dHvlSv92pVlFlkAbzvLrcLX0b1-o92uoUzvTxvspnemvDT_QtuT8S1oGthasEXi1E4LkBLK&_nc_zt=1&_nc_ht=scontent-iad3-1.xx&_nc_gid=-i3yazk5JjiO4LC0NeuaiQ&oh=00_AfY_DrnhjaMMDBkFIkDwFonC6tmSdHSXg7B7NGIsJuaaEQ&oe=68DCAB02
Clicky Images,d:Ad|c:Bath|b:Nonbrand|s:Internal|ty:Image|st:ClickyQuestion|f:FloorplanShowerLargeV2,814.41,7,1,807.06,14%,0.99,10,https://scontent-iad3-2.xx.fbcdn.net/v/t45.1600-4/529419575_1366511574447477_6094968126788840509_n.png?stp=cp0_dst-jpg_p640x640_q90_spS444_tt6&_nc_cat=105&ccb=1-7&_nc_sid=c02adf&_nc_ohc=_2KiVLBK2l4Q7kNvwGQTcI4&_nc_oc=Adlmx88qJs1FSRxi0hUwghHRNSB2YyLY5NeNVyoT59DlCtBnL9TJN-D4jODfxosAw7KD21PaJ9GEHMDQj4VT7sni&_nc_zt=1&_nc_ht=scontent-iad3-2.xx&_nc_gid=2N89JZjYAht7ok96rs5GFg&oh=00_Afbz7VFV_-6MkHliVHvMd2n5_9yGT3qOwoS3aUJvl2my1Q&oe=68E2CC34
Clicky Images,d:Ad|c:Bath|b:Nonbrand|s:Internal|ty:Image|st:ClickyQuestion|f:PersonShower,1899.29,12,1,1175.52,8%,0.62,9,https://scontent-iad3-1.xx.fbcdn.net/v/t45.1600-4/528079935_767964092434727_2249752538162785587_n.png?stp=cp0_dst-jpg_p640x640_q90_spS444_tt6&_nc_cat=104&ccb=1-7&_nc_sid=c02adf&_nc_ohc=uS5buYzlzK4Q7kNvwEWkXjL&_nc_oc=Admd-FwYPaCIP-gIRu7SmbGeFtMpjYf5x7Wow9iO45zRdFpVq3LvaFFjobUB1yausdbmMNamrPlotGmCoB5kgfR1&_nc_zt=1&_nc_ht=scontent-iad3-1.xx&_nc_gid=y3D5LllTTXZVM4kZy77cOg&oh=00_AfZjUN1l9kCRXcfPVLwJke5oJ0558wBm8Hw4wDJX7d_mNQ&oe=68DCC630
Clicky Images,d:Ad|c:Bath|b:Nonbrand|s:Internal|ty:Image|st:ClickyQuestion|f:SqftShowerLargeV2,3078.47,18,0,2222.09,0%,0.72,10,https://scontent-iad3-1.xx.fbcdn.net/v/t45.1600-4/528195395_804316528768343_1876161745433064487_n.png?stp=dst-jpg_tt6&_nc_cat=110&ccb=1-7&_nc_sid=890911&_nc_ohc=u55Fw7JUUI8Q7kNvwHoHCYS&_nc_oc=AdlravZ8ZByLBlhU2h4rVr19sfmPGlKozznZqWgJ3xZNoW_TYwMhTzWO6z8DEMZHuSE&_nc_zt=1&_nc_ht=scontent-iad3-1.xx&edm=AAT1rw8EAAAA&_nc_gid=2WVtUDfjfq7exmXee2MiNw&oh=00_AfZRaz1vDl-hmFj6e5cMSy1CZibRnBHCqzMYcZw97fB8IQ&oe=68DFF3CE
Clicky Images,d:Ad|c:Bath|b:Nonbrand|s:Internal|ty:Image|st:ClickyQuestion|f:SqftShowerSmallV2,703.91,2,0,143.69,0%,0.2,10,https://scontent-iad3-1.xx.fbcdn.net/v/t45.1600-4/527749840_1897637847759819_5030801453615876264_n.png?stp=cp0_dst-jpg_p640x640_q90_spS444_tt6&_nc_cat=104&ccb=1-7&_nc_sid=c02adf&_nc_ohc=JsRzIskQnaoQ7kNvwHHLsZ4&_nc_oc=AdnHGP80RnNtQgYV0IJ4x1GusELaQ8kvxiiTH0xof0vPo63WQ7QV5XgYEuGAvTIipdTw6Rtg8GSB5jvyelJrSWlm&_nc_zt=1&_nc_ht=scontent-iad3-1.xx&_nc_gid=tlZ5tTkRAy_01kPJKfK0xw&oh=00_AfYpRjmBqpaqPgS6MIFWSX9OiML-NjHt7tHLIMGGQ0gucA&oe=68DCE2D1
Clicky Images,d:Ad|c:Bath|b:Nonbrand|s:Internal|ty:Image|st:ClickySchedule|f:Affordability,3145.22,9,5,1007.31,56%,0.32,10,https://scontent.fcae1-1.fna.fbcdn.net/v/t45.1600-4/528450638_1464909447847235_6617311047821997406_n.png?stp=cp0_dst-jpg_p640x640_q90_spS444_tt6&_nc_cat=110&ccb=1-7&_nc_sid=c02adf&_nc_ohc=291_oa6h_gEQ7kNvwE6Ycma&_nc_oc=AdlH5F6lv3rQqP9Oyk0gKtqPq5eiPXGjdJ7dJqgHvlk1uSOGz46LlWAkVCbykdiZ-XE&_nc_zt=1&_nc_ht=scontent.fcae1-1.fna&_nc_gid=bHdGZVfYUAGU52OWl9GmGA&oh=00_AfZzSKD7Y7inHq2LOEGTW0IjtsGTfUr4RwISJDHgng9XoQ&oe=68E09ED3
Clicky Images,d:Ad|c:Bath|b:Nonbrand|s:Internal|ty:Image|st:ClickySchedule|f:OneDay,681.03,3,2,355.2,67%,0.52,8,https://scontent-iad3-1.xx.fbcdn.net/v/t45.1600-4/528332123_1963776487754229_2774812860398287701_n.png?stp=cp0_dst-jpg_p640x640_q90_spS444_tt6&_nc_cat=102&ccb=1-7&_nc_sid=c02adf&_nc_ohc=eWb6tHKwtfcQ7kNvwEgbChf&_nc_oc=Adk-Yjbs1ZGd9XFykdWrozUAthUuEdwKyO7744WbXYaW4Ukah1IuwSD2Mu91W1sUrIrVP7yKd-MbDGfsXH4h5OoI&_nc_zt=1&_nc_ht=scontent-iad3-1.xx&_nc_gid=6auDsSpRzY1l5GM7LK8mfQ&oh=00_Afb_atJ79OHlcMTDP82aqM7G9TNFVw5uJt4-jcPTtLo8Vg&oe=68E2F3B5
Clicky Images,d:Ad|c:Bath|b:Nonbrand|s:Internal|ty:Image|st:ClickySchedule|f:Upgrade,2023.27,8,1,1028.4,13%,0.51,9,https://scontent-iad3-2.xx.fbcdn.net/v/t45.1600-4/528871468_612732968242218_8074728513390258845_n.png?stp=cp0_dst-jpg_p640x640_q90_spS444_tt6&_nc_cat=103&ccb=1-7&_nc_sid=c02adf&_nc_ohc=HyHPksvo7agQ7kNvwHvestV&_nc_oc=Adn1KKLazCuhfngpXa8S_b5zXyO4Lc5mEw1Cf0fYC2lqcICn5Chav2XdZHPvfUyNctoVz_Pto-tDdkI3nmzL531q&_nc_zt=1&_nc_ht=scontent-iad3-2.xx&_nc_gid=3XWrkwxpURDJT0ARXrZABg&oh=00_AfbfdAkuPcNeNf6N1kIk2IsW58W9ovIr0c9g2-J1KIdV7Q&oe=68DCBD8E
Clicky Images,d:Ad|c:Bath|b:Nonbrand|s:Internal|ty:Image|st:ClickyState|f:OneDay,1305.35,5,1,561.25,20%,0.43,11,https://scontent.fcae1-1.fna.fbcdn.net/v/t45.1600-4/527864358_2204311126708971_7469436449182143231_n.png?stp=cp0_dst-jpg_p640x640_q90_spS444_tt6&_nc_cat=108&ccb=1-7&_nc_sid=c02adf&_nc_ohc=ZOqLslCcg4UQ7kNvwFqffVY&_nc_oc=AdkbRfb3U2H0dm9w7-m0vXayUunV4Us3S7s2r9sMOzASK85F0ATk2GtTiqCvwGArUCs&_nc_zt=1&_nc_ht=scontent.fcae1-1.fna&_nc_gid=3ooXej7czGZ5D4CDdKzj1Q&oh=00_AfYsFh4VuaPH574BS3UZAtX8aNa6_SiPswSXnoqiwa_W9g&oe=68E08C75
Clicky Images,d:Ad|c:Bath|b:Nonbrand|s:Internal|ty:Image|st:ClickyState|f:RemodelCostV2,15594.49,183,27,16213.07,15%,1.04,11,https://scontent.fcae1-1.fna.fbcdn.net/v/t45.1600-4/528388414_1280340447116106_1751283651891296306_n.png?stp=cp0_dst-jpg_p640x640_q90_spS444_tt6&_nc_cat=102&ccb=1-7&_nc_sid=c02adf&_nc_ohc=fW-Ghzs1Z6sQ7kNvwE69erA&_nc_oc=Adkk404QJjaxw2bnUcdDxAKfVw_sW5N8xgdgVpe9Nk8hRQOLMzyQ8xCVx_chMIiNSBc&_nc_zt=1&_nc_ht=scontent.fcae1-1.fna&_nc_gid=V7bUN6MhKlL_G_aBFF1YfA&oh=00_AfYpCf7Ly_7ZBZAOXWeI0TfxU3X4DltZNpjCLqpPlYrgGg&oe=68E0A7EB
Clicky Images,d:Ad|c:Bath|b:Nonbrand|s:Internal|ty:Image|st:ClickyState|f:Shower,942.61,4,0,494.52,0%,0.52,11,https://scontent-iad3-1.xx.fbcdn.net/v/t45.1600-4/529219145_692589090478952_7852948240838633511_n.png?stp=cp0_dst-jpg_p640x640_q90_spS444_tt6&_nc_cat=101&ccb=1-7&_nc_sid=c02adf&_nc_ohc=fTutZ4RfiNcQ7kNvwEAy53o&_nc_oc=Adl9tebyzzavBIEEmWtyA9BnYU_9cCbB25aGEzeUNQuTEu2BSaVY80YT9quFB6zBSCBmDUViMZYMXiiwwVvrW8DV&_nc_zt=1&_nc_ht=scontent-iad3-1.xx&_nc_gid=xs2wTJItAASZ90hXQFiGuQ&oh=00_AfZBHZ_H_VJ5Bu4JyCV18IDxQMsYc6HYo-ZSKI_UUZCOKg&oe=68DCBD9D
Clicky Images,d:Ad|c:Bath|b:Nonbrand|s:Internal|ty:Image|st:ClickyState|f:ShowerCost,66358.77,1010,115,96249.4,11%,1.45,10,https://scontent.fcae1-1.fna.fbcdn.net/v/t45.1600-4/528823968_730529349604778_2029276002562275859_n.png?stp=cp0_dst-jpg_p640x640_q90_spS444_tt6&_nc_cat=100&ccb=1-7&_nc_sid=c02adf&_nc_ohc=iTJ7ZSrESzEQ7kNvwFSOpBc&_nc_oc=Admsuc8g0Kqj0BhaIBJkuEM4y43MXI7QRJqOMAOenB_13-DHtI_-QinYMoeRKmxIn3E&_nc_zt=1&_nc_ht=scontent.fcae1-1.fna&_nc_gid=VA7kgNvZqV0rnSSfAiHXEQ&oh=00_AfY_2yqfd5Hu7duh_D6q9d0--tgA7oIiQkLu5EswqFe6ww&oe=68E088BC
Clicky Images,d:Ad|c:Bath|b:Nonbrand|s:Internal|ty:Image|st:ClickyState|f:Upgrade,989.01,3,1,365.8,33%,0.37,11,https://scontent-iad3-2.xx.fbcdn.net/v/t45.1600-4/528674867_1137979371478670_160385410385575858_n.png?stp=cp0_dst-jpg_p640x640_q90_spS444_tt6&_nc_cat=106&ccb=1-7&_nc_sid=c02adf&_nc_ohc=_2T16eQAwKMQ7kNvwHjZ6mK&_nc_oc=Adnma2ZpubAvhAm7t98G--17p99v1Z-5F2O5gH123zukQwqh-_qDAlr6HFMv1zmBSClF5ROqbB60MGLp2ZZRQEak&_nc_zt=1&_nc_ht=scontent-iad3-2.xx&_nc_gid=VvFqcAVKPDP1pjo7wBocGA&oh=00_AfatKKIa6oSL3ZAfxFS81nICBABUAXHzZVtbVVn5o0UKjQ&oe=68DCEB8E
Grid Images,d:Ad|c:Bath|b:Nonbrand|s:Internal|ty:Image|st:GridSelector|f:Bathroom1,586.64,0,0,3.85,0%,0.01,1,https://scontent-iad3-2.xx.fbcdn.net/v/t45.1600-4/557624287_1444423746671351_9071239366414944437_n.png?stp=cp0_dst-jpg_p640x640_q90_spS444_tt6&_nc_cat=111&ccb=1-7&_nc_sid=c02adf&_nc_ohc=HBUzs3FCvJsQ7kNvwFZLiJe&_nc_oc=AdkmfWOG1GZiotnI9uwQpHoAwY-fjpfLZ9Z6vJBN7yLlTOKuPyAZvKuUX96R2grlstgY9WRiIzzZR-b8fS5ihy1E&_nc_zt=1&_nc_ht=scontent-iad3-2.xx&_nc_gid=OHaOv2fmMlPy2Mu6SLlr0w&oh=00_AfYDCif4zD9cbFDhd-cPkKywgtDh6KwJo-lFc_TCvrIkoQ&oe=68E2F79C
Grid Images,d:Ad|c:Bath|b:Nonbrand|s:Internal|ty:Image|st:GridSelector|f:Shower1,1008.34,4,0,349.7,0%,0.35,1,https://scontent-iad3-1.xx.fbcdn.net/v/t45.1600-4/550791783_1350969839953208_9214164086966686054_n.png?stp=dst-jpg_tt6&_nc_cat=101&ccb=1-7&_nc_sid=890911&_nc_ohc=6Yx7Ta09CZ0Q7kNvwE7mOLi&_nc_oc=AdkuJfJ10KM8ueDzVqGUB_TdrF_6QedQhC602i3xbokuTNUNjqdKzgrH37eJPnQdMsA&_nc_zt=1&_nc_ht=scontent-iad3-1.xx&edm=AAT1rw8EAAAA&_nc_gid=2WVtUDfjfq7exmXee2MiNw&oh=00_AfYrRwmDPwbiNGZdhY0aNTraYV4UAGrZmxFfBUe5cPIJCw&oe=68DFE52D
Grid Images,d:Ad|c:Bath|b:Nonbrand|s:Internal|ty:Image|st:GridSelector|f:Vanity1,1402.56,6,0,676.87,0%,0.48,1,https://scontent-iad3-1.xx.fbcdn.net/v/t45.1600-4/550510336_1285929012716867_2153585021530965246_n.png?stp=dst-jpg_tt6&_nc_cat=109&ccb=1-7&_nc_sid=890911&_nc_ohc=bhWut2CMAjkQ7kNvwH0nlDs&_nc_oc=AdkMTI0ZGlkoHlSVS5NidWSCVqqYkcj8USLcpDzvKpFXmbQrEyWXlaRz8kQCw3fWDuE&_nc_zt=1&_nc_ht=scontent-iad3-1.xx&edm=AAT1rw8EAAAA&_nc_gid=2WVtUDfjfq7exmXee2MiNw&oh=00_AfZDzM-j9ii5u42WfeIJ9ZdN4Z5Xa0J5PyfKT29EAtkeRQ&oe=68DFDEC4
Clicky Images,d:Ad|c:Bath|b:Nonbrand|s:Internal|ty:Image|st:NetworxLux|f:Journey7,1180.1,9,3,813.54,33%,0.69,1,https://scontent.fcae1-1.fna.fbcdn.net/v/t45.1600-4/551491820_649263694906473_5568059005507392706_n.png?stp=cp0_dst-jpg_p640x640_q90_spS444_tt6&_nc_cat=110&ccb=1-7&_nc_sid=c02adf&_nc_ohc=vFEa1vB5ZfUQ7kNvwGuMKz9&_nc_oc=Adnr0xUpFl3BebtpgWBCbTKOC_k-_KWGArk1b6kPE6O-0Dpy5RHpv2wlbMujx3-tAzY&_nc_zt=1&_nc_ht=scontent.fcae1-1.fna&_nc_gid=SdRVk6W13VJUWHeHi6MdZA&oh=00_AfZ82PdY8yJCGHZzdhE8TVCsV5pkx5M1eGxajejwMU3NFw&oe=68E0934C
Clicky Images,d:Ad|c:Bath|b:Nonbrand|s:Internal|ty:Image|st:SneakySven|f:Affordability,2500.68,17,6,1477.67,35%,0.59,11,https://scontent-iad3-2.xx.fbcdn.net/v/t45.1600-4/528074090_2184074852037851_3930227872724332617_n.png?stp=cp0_dst-jpg_q90_s640x640_spS444_tt6&_nc_cat=100&ccb=1-7&_nc_sid=c02adf&_nc_ohc=C4D2D1MOA1cQ7kNvwGTQ0tU&_nc_oc=AdmbYQsCtxEzYfuFTw6EURpXdKwPzjQgdxoI6PnsqkhmIzZxuJFajn2OlX3imzXryLzvgdzttyt40QsC3Ay1xVmh&_nc_zt=1&_nc_ht=scontent-iad3-2.xx&_nc_gid=SrPt4XanYqoouBI8GrsKZA&oh=00_AfYAyPnnDQ_g_JBL1DFUQ3XowABshe596PQilaW9vBXNnQ&oe=68DCC76C
Clicky Images,d:Ad|c:Bath|b:Nonbrand|s:Internal|ty:Image|st:SneakySven|f:BathCost,10037.9,80,14,8988.7,18%,0.9,11,https://scontent-iad3-2.xx.fbcdn.net/v/t45.1600-4/528712658_1507866240560802_2554600691766062330_n.png?stp=cp0_dst-jpg_q90_s640x640_spS444_tt6&_nc_cat=100&ccb=1-7&_nc_sid=c02adf&_nc_ohc=XQReB2rxIAQQ7kNvwFlCSZ6&_nc_oc=Adm7pLcnaMCcrLEYG814StryyK7jTqfjbkjhZP4LiOIKilAf7JW81r7-1TpMXM-NcPPra6YyOyn6YkRCoWdzLPsK&_nc_zt=1&_nc_ht=scontent-iad3-2.xx&_nc_gid=_1MN4UJXw8nThOjjG4F3lw&oh=00_AfY8AjZO3SMiMXdhqMoxaPTBNyb5SSxLTsDZVxFANIRUUg&oe=68DCBF64
Clicky Images,d:Ad|c:Bath|b:Nonbrand|s:Internal|ty:Image|st:SneakySven|f:OneDay,703.13,3,0,323.35,0%,0.46,11,https://scontent-iad3-1.xx.fbcdn.net/v/t45.1600-4/528535422_730221653127574_4315436508949587785_n.png?stp=cp0_dst-jpg_q90_s640x640_spS444_tt6&_nc_cat=108&ccb=1-7&_nc_sid=c02adf&_nc_ohc=E7eXvs3us9wQ7kNvwG-d1QL&_nc_oc=AdmZl9nkU2BARbUZpNDlTbSjmVAHIIH5ELoe6FrDB3v3JWHI-b7AJYgXhXVIJi8e84YMvJLjD75Uo4G69CcgkbvB&_nc_zt=1&_nc_ht=scontent-iad3-1.xx&_nc_gid=7rpNnl_ONTeZ4zXHn1GGXA&oh=00_AfYz54nDLKkc3DsybsU6ZpOn2lQ5OynFfoGDdDSQ34W90Q&oe=68E2EBC2
Clicky Images,d:Ad|c:Bath|b:Nonbrand|s:Internal|ty:Image|st:SneakySven|f:ShowerCost,42287.01,488,83,50099.1,17%,1.18,8,https://scontent-iad3-1.xx.fbcdn.net/v/t45.1600-4/528468779_1651930792156184_3754368490930399396_n.png?stp=cp0_dst-jpg_q90_s640x640_spS444_tt6&_nc_cat=109&ccb=1-7&_nc_sid=c02adf&_nc_ohc=0kCLufMpkbgQ7kNvwHrglne&_nc_oc=Adl9iwxiIPyuQYjhNY1vqpH51QdEtuaFO1g2x1kVB3DR6J4vnm8XiM1slh7ey7xkUsRCs1X8IFYL53LuxlnaRz_u&_nc_zt=1&_nc_ht=scontent-iad3-1.xx&_nc_gid=GOjCwmx3W4m38ZTKi_AggA&oh=00_AfbBgHacpy67Z26sAwsPKP6C2dKif4H3ynvH0N-3GkiW1Q&oe=68DCB43C
Text Images,d:Ad|c:Bath|b:Nonbrand|s:Internal|ty:Image|st:TextImage|f:Testimonial2,990.49,1,0,340.6,0%,0.34,1,https://scontent-iad3-2.xx.fbcdn.net/v/t45.1600-4/551310768_1806889063237933_5320128613702781919_n.png?stp=cp0_dst-jpg_p640x640_q90_spS444_tt6&_nc_cat=111&ccb=1-7&_nc_sid=c02adf&_nc_ohc=CQP8eFxZ_uQQ7kNvwGYmkAT&_nc_oc=AdmJP-86Y_kJG4cRqMZJHzSIKgw-uKoYRWBSKL_g4w3Z5g8sPoOFwwNeiskDJCvoegmqJLbYkcX4hTXa85o6rlWE&_nc_zt=1&_nc_ht=scontent-iad3-2.xx&_nc_gid=qF1mFgRX__bBr_Lb1DQvPQ&oh=00_AfbIt207QPHfjW_iatdqshDbWc4dyzwwawgMsc2MpX3Aqw&oe=68E2C46D
Text Images,d:Ad|c:Bath|b:Nonbrand|s:Internal|ty:Image|st:TextOver|f:VanitySimple,515.07,3,0,249.39,0%,0.48,9,https://scontent-iad3-1.xx.fbcdn.net/v/t45.1600-4/528231556_1061222696223998_1972536243754620956_n.png?stp=cp0_dst-jpg_p640x640_q90_spS444_tt6&_nc_cat=101&ccb=1-7&_nc_sid=c02adf&_nc_ohc=T6Depa3szHAQ7kNvwGSV-fh&_nc_oc=AdmlvsWOGYEEcCTRcTQFNQMN20jUZ4oTJ2VSv_BtKaYn1KW-V6iwStwTEFSkX2UoYi_cyTMFeqV-Wuy-i_kFw2mb&_nc_zt=1&_nc_ht=scontent-iad3-1.xx&_nc_gid=OTHbPnDFZiT05b3c8c5OiA&oh=00_AfZ9iMqONRGLHQdSFFr5xYF9Kf3305rgu_i7BDpMoGHQKA&oe=68DCBDC7
Clicky Videos,d:Ad|c:Bath|b:Nonbrand|s:Internal|ty:Video|st:BathPicker|f:V3,2786.9,13,1,1549.52,8%,0.56,1,https://video-iad3-1.xx.fbcdn.net/o1/v/t2/f2/m366/AQPNPZgbuRZ-U6ZVhCdvTXZydsC9LsM43wVfX1IHddfXFQkWNQf-nTlZaQdHUMrcr8NmOs3Zq90cImIy_t55BlTd65HNGjFURzlLo-AimOSXRA.mp4?_nc_cat=109&_nc_sid=5e9851&_nc_ht=video-iad3-1.xx.fbcdn.net&_nc_ohc=wQ20Q_he_WcQ7kNvwHdP_Zu&efg=eyJ2ZW5jb2RlX3RhZyI6Inhwdl9wcm9ncmVzc2l2ZS5GQUNFQk9PSy4uQzNlLjcyMC5kYXNoX2gyNjQtYmFzaWMtZ2VuMl83MjBwIiwieHB2X2Fzc2V0X2lkIjo3MjYzNTE3NTM3OTIwMDEsInZpX3VzZWNhc2VfaWQiOjEwNzk5LCJkdXJhdGlvbl9zIjoxMCwidXJsZ2VuX3NvdXJjZSI6Ind3dyJ9&ccb=17-1&vs=72c4ef853c5476d9&_nc_vs=HBksFQIYRWZiX2VwaGVtZXJhbC9EMzQ0RjlCMTUxOUI1Q0NBQTM4NkUxREM2RTA1RTY4Ml9tdF8xX3ZpZGVvX2Rhc2hpbml0Lm1wNBUAAsgBEgAVAhhFZmJfZXBoZW1lcmFsL0FCNDg0OTgzODNCRjdDNURFNEQ2MENEMjQxMUJFOEE1X210XzBfYXVkaW9fZGFzaGluaXQubXA0FQICyAESACgAGAAbAogHdXNlX29pbAExEnByb2dyZXNzaXZlX3JlY2lwZQExFQAAJoKooqSep8oCFQIoA0MzZSwXQCUhysCDEm8YGWRhc2hfaDI2NC1iYXNpYy1nZW4yXzcyMHARAHUCZd6oAQA&_nc_gid=RQUOkpTrZSed5sbABqV6Iw&edm=APRAPSkEAAAA&_nc_zt=28&_nc_tpa=Q5bMBQFXpVI_OZlEuGRT91FPZ_b6jeHrIQVGHIMWcY0aIjR0OWqtzxmjt6_nXbaNInjTwWbciN0yTUHfEg&oh=00_Afboejb6pbjdL9gftYoDUDnCVbge8faQXW2OuXgw6w_Evg&oe=68DFE323&bitrate=2158384&tag=dash_h264-basic-gen2_720p
Clicky Videos,d:Ad|c:Bath|b:Nonbrand|s:Internal|ty:Video|st:BathPicker|f:V4,529.57,2,1,269.46,50%,0.51,1,https://video-iad3-1.xx.fbcdn.net/o1/v/t2/f2/m366/AQMYJLptYxtXMrHKKtQa-xY4LGhywVE3o1xagG9ewH0nE_gVrTIIJ-oXbu08lEVtRusp5GhHAq7zRALvlPXUCqWVvVS1uzoPiPlXTkMrr8LSlg.mp4?_nc_cat=101&_nc_sid=5e9851&_nc_ht=video-iad3-1.xx.fbcdn.net&_nc_ohc=j2h4-UmIVckQ7kNvwEEePuF&efg=eyJ2ZW5jb2RlX3RhZyI6Inhwdl9wcm9ncmVzc2l2ZS5GQUNFQk9PSy4uQzNlLjcyMC5kYXNoX2gyNjQtYmFzaWMtZ2VuMl83MjBwIiwieHB2X2Fzc2V0X2lkIjoxMjczMzg5Mzg3ODAxODU3LCJ2aV91c2VjYXNlX2lkIjoxMDc5OSwiZHVyYXRpb25fcyI6MTAsInVybGdlbl9zb3VyY2UiOiJ3d3cifQ%3D%3D&ccb=17-1&vs=ff0c10159c3d60f&_nc_vs=HBksFQIYRWZiX2VwaGVtZXJhbC9CNDRDNjc3NkIwQkZDODJCMENBQkU5NDQwQ0RBOEE4Q19tdF8xX3ZpZGVvX2Rhc2hpbml0Lm1wNBUAAsgBEgAVAhhFZmJfZXBoZW1lcmFsLzgyNEM4MzMwMTQ5NTUxM0U3NzlBMzJCMEU3MzI0MUJFX210XzBfYXVkaW9fZGFzaGluaXQubXA0FQICyAESACgAGAAbAogHdXNlX29pbAExEnByb2dyZXNzaXZlX3JlY2lwZQExFQAAJoKU96GCicMEFQIoA0MzZSwXQCUhysCDEm8YGWRhc2hfaDI2NC1iYXNpYy1nZW4yXzcyMHARAHUCZd6oAQA&_nc_gid=RQUOkpTrZSed5sbABqV6Iw&edm=APRAPSkEAAAA&_nc_zt=28&_nc_tpa=Q5bMBQHcRMFyBmu7kyuIH11EVqzHNH8PJWICCFNCqtw_lV2TYHfYWgnGOl_dO6TgRyrbUhCCtQEgHC-ybg&oh=00_AfZvvt22QVpoWYqImu7ZNaE3aAiuRvPFEjesu7ZCqzaESw&oe=68DFE1E3&bitrate=1714900&tag=dash_h264-basic-gen2_720p