Category,Ad Name,Asset ID,Headline,Problem,Solution,Offer Style,CTA Text,CTA Position,Social Proof,Emotion,Brand,Urgency,Contrast,Color,Human Presence,Headline Number,% Sign,$ Sign,FREE,ALL CAPS
MediaGO,image,24575436,Luxury Replacement Windows That Elevate Every Room,Outdated,Luxury/Comfort,None,Learn More,None,None,Pride/Home Upgrade,No Logo,None,Mid,Warm,Body No Face,N,N,N,Y,N
MediaGO,image,24575441,${LOCATION_CITY} : How Much Does It Cost To Replace Old Windows?,Cost/Price,Affordability,None,Learn More,None,None,Curiosity/Exploratory,No Logo,None,High,Warm,Body No Face,N,N,N,N,N
MediaGO,image,24575451,Here's What Windows Should Cost You in 2025,Cost/Price,Affordability,None,Learn More,None,None,Curiosity/Exploratory,No Logo,None,Low,Warm,Face Subtle,Y,N,N,N,N
MediaGO,uri_ifs___m_ujska9wnfvcp8n3hzekxy2yphsfdtma5bvfdsroh3em__1__720,24575450,Here's What Windows Should Cost You in 2025,Cost/Price,Affordability,None,Learn More,None,None,Curiosity/Exploratory,No Logo,None,Mid,Cool,Body No Face,N,N,N,N,N
MediaGO,d0a3c92c-4fb9-451c-91ad-6291077fb5a0,24575434,Luxury Replacement Windows That Elevate Every Room,Outdated,Luxury/Comfort,None,Learn More,None,None,Pride/Home Upgrade,No Logo,None,Mid,Warm,None,N,N,N,N,N
MediaGO,d0a3c92c-4fb9-451c-91ad-6291077fb5a0,24575439,${LOCATION_CITY} : How Much Does It Cost To Replace Old Windows?,Cost/Price,Affordability,None,Learn More,None,None,Curiosity/Exploratory,No Logo,None,Mid,Warm,None,Y,N,Y,Y,N
MediaGO,Dark before and after,24575447,Here's What Windows Should Cost You in 2025,Cost/Price,Affordability,None,Learn More,None,None,Curiosity/Exploratory,No Logo,None,Low,Warm,None,Y,N,N,N,N
MediaGO,Man on ladder,24575438,${LOCATION_CITY} : How Much Does It Cost To Replace Old Windows?,Cost/Price,Affordability,None,Learn More,None,None,Curiosity/Exploratory,No Logo,None,Mid,Warm,Body No Face,N,N,N,N,N
MediaGO,image,24575431,Replace Windows in Your ZIP,Outdated,Beauty/Modernization,None,Learn More,None,None,Pride/Home Upgrade,No Logo,None,Mid,Warm,Body No Face,N,N,s,Y,N
MediaGO,Dark before and after,24575427,Replace Windows in Your ZIP,Outdated,Beauty/Modernization,None,Learn More,None,None,Pride/Home Upgrade,No Logo,None,High,Warm,None,N,N,N,Y,N
MediaGO,uri_ifs___m_ujska9wnfvcp8n3hzekxy2yphsfdtma5bvfdsroh3em__1__720,24575435,Luxury Replacement Windows That Elevate Every Room,Outdated,Luxury/Comfort,None,Learn More,None,None,Pride/Home Upgrade,No Logo,None,Mid,Cool,Body No Face,N,N,N,Y,N
MediaGO,uri_ifs___m_ujska9wnfvcp8n3hzekxy2yphsfdtma5bvfdsroh3em__1__720,24575440,${LOCATION_CITY} : How Much Does It Cost To Replace Old Windows?,Cost/Price,Affordability,None,Learn More,None,None,Curiosity/Exploratory,No Logo,None,Mid,Cool,Body No Face,N,N,N,N,N
MediaGO,d0a3c92c-4fb9-451c-91ad-6291077fb5a0,24575429,Replace Windows in Your ZIP,Outdated,Beauty/Modernization,None,Learn More,None,None,Pride/Home Upgrade,No Logo,None,High,Warm,None,N,N,N,Y,N
MediaGO,d0a3c92c-4fb9-451c-91ad-6291077fb5a0,24575449,Here's What Windows Should Cost You in 2025,Cost/Price,Affordability,None,Learn More,None,None,Curiosity/Exploratory,No Logo,None,Mid,Warm,None,Y,N,N,N,N
MediaGO,Man on ladder,24575428,Replace Windows in Your ZIP,Outdated,Beauty/Modernization,None,Learn More,None,None,Pride/Home Upgrade,No Logo,None,Mid,Warm,Body No Face,N,N,N,N,N
MediaGO,uri_ifs___m_ujska9wnfvcp8n3hzekxy2yphsfdtma5bvfdsroh3em__1__720,24575445,"Strong, Weatherproof Windows for Any Climate",Outdated,Energy Efficiency,None,Learn More,None,None,Pride/Home Upgrade,No Logo,None,Mid,Cool,Body No Face,N,N,N,N,N
MediaGO,Dark before and after,24575437,${LOCATION_CITY} : How Much Does It Cost To Replace Old Windows?,Cost/Price,Affordability,None,Learn More,None,None,Curiosity/Exploratory,No Logo,None,Mid,Warm,None,Y,N,N,Y,N
MediaGO,Dark before and after,24575442,"Strong, Weatherproof Windows for Any Climate",Outdated,Energy Efficiency,None,Learn More,None,None,Pride/Home Upgrade,No Logo,None,Mid,Warm,None,N,N,N,Y,N
MediaGO,Man on ladder,24575448,Here's What Windows Should Cost You in 2025,Cost/Price,Affordability,None,Learn More,None,None,Curiosity/Exploratory,No Logo,None,Mid,Warm,Body No Face,Y,N,N,N,N
MediaGO,uri_ifs___m_ujska9wnfvcp8n3hzekxy2yphsfdtma5bvfdsroh3em__1__720,24575430,Replace Windows in Your ZIP,Outdated,Beauty/Modernization,None,Learn More,None,None,Pride/Home Upgrade,No Logo,None,Mid,Cool,Body No Face,N,N,N,N,N
MediaGO,d0a3c92c-4fb9-451c-91ad-6291077fb5a0,24575444,"Strong, Weatherproof Windows for Any Climate",Outdated,Energy Efficiency,None,Learn More,None,None,Pride/Home Upgrade,No Logo,None,Mid,Cool,None,N,N,N,N,N
MediaGO,Man on ladder,24575443,"Strong, Weatherproof Windows for Any Climate",Outdated,Energy Efficiency,None,Learn More,None,None,Pride/Home Upgrade,No Logo,None,Mid,Cool,Body No Face,N,N,N,Y,N
MediaGO,Man on ladder,24575433,Luxury Replacement Windows That Elevate Every Room,Outdated,Luxury/Comfort,None,Learn More,None,None,Pride/Home Upgrade,No Logo,None,Mid,Warm,Body No Face,N,N,N,N,N
MediaGO,Dark before and after,24575432,Luxury Replacement Windows That Elevate Every Room,Outdated,Luxury/Comfort,None,Learn More,None,None,Pride/Home Upgrade,No Logo,None,High,Warm,None,N,N,N,Y,N
MediaGO,image,24575446,"Strong, Weatherproof Windows for Any Climate",Outdated,Energy Efficiency,None,Learn More,None,None,Pride/Home Upgrade,No Logo,None,Mid,Cool,Face Subtle,N,N,N,N,N
MediaGO,Man on ladder,24858831,"Strong, Weatherproof Windows for Any Climate",Outdated,Energy Efficiency,None,Learn More,None,None,Pride/Home Upgrade,No Logo,None,Mid,Warm,Body No Face,N,N,N,N,N
MediaGO,Man on ladder,24858826,Luxury Replacement Windows That Elevate Every Room,Outdated,Luxury/Comfort,None,Learn More,None,None,Pride/Home Upgrade,No Logo,None,Mid,Warm,Body No Face,N,N,N,N,N
MediaGO,image,24858834,"Strong, Weatherproof Windows for Any Climate",Outdated,Energy Efficiency,None,Learn More,None,None,Pride/Home Upgrade,No Logo,None,Mid,Cool,Body No Face,N,N,N,Y,N
MediaGO,uri_ifs___m_ujska9wnfvcp8n3hzekxy2yphsfdtma5bvfdsroh3em__1__720,24858833,"Strong, Weatherproof Windows for Any Climate",Outdated,Energy Efficiency,None,Learn More,None,None,Pride/Home Upgrade,No Logo,None,Mid,Cool,Body No Face,N,N,N,N,N
MediaGO,uri_ifs___m_ujska9wnfvcp8n3hzekxy2yphsfdtma5bvfdsroh3em__1__720,24858828,Luxury Replacement Windows That Elevate Every Room,Outdated,Luxury/Comfort,None,Learn More,None,None,Pride/Home Upgrade,No Logo,None,Mid,Cool,Body No Face,N,N,N,Y,N
MediaGO,image,24858829,Luxury Replacement Windows That Elevate Every Room,Outdated,Luxury/Comfort,None,Learn More,None,None,Pride/Home Upgrade,No Logo,None,Mid,Warm,Face Subtle,N,N,N,N,N
MediaGO,d0a3c92c-4fb9-451c-91ad-6291077fb5a0,24858827,Luxury Replacement Windows That Elevate Every Room,Outdated,Luxury/Comfort,None,Learn More,None,None,Pride/Home Upgrade,No Logo,None,Mid,Warm,None,N,N,N,N,N
MediaGO,Dark before and after,24858825,Luxury Replacement Windows That Elevate Every Room,Outdated,Luxury/Comfort,None,Learn More,None,None,Pride/Home Upgrade,No Logo,None,High,Warm,None,N,N,N,N,N
MediaGO,Dark before and after,24858830,"Strong, Weatherproof Windows for Any Climate",Outdated,Energy Efficiency,None,Learn More,None,None,Pride/Home Upgrade,No Logo,None,High,Cool,None,N,N,N,N,N
MediaGO,d0a3c92c-4fb9-451c-91ad-6291077fb5a0,24858832,"Strong, Weatherproof Windows for Any Climate",Outdated,Energy Efficiency,None,Learn More,None,None,Pride/Home Upgrade,No Logo,None,Mid,Warm,None,N,N,N,N,N
MediaGO,MediaGo Asset 2,24915003,"Strong, Weatherproof Windows for Any Climate",Outdated,Energy Efficiency,None,Learn More,None,None,Pride/Home Upgrade,No Logo,None,Mid,Warm,Body No Face,N,N,N,Y,N
MediaGO,MediaGo Asset 1,24915002,"Strong, Weatherproof Windows for Any Climate",Outdated,Energy Efficiency,None,Learn More,None,None,Pride/Home Upgrade,No Logo,None,Mid,Warm,Body No Face,N,N,N,N,N
MediaGO,MediaGo Asset 1,24915000,Luxury Replacement Windows That Elevate Every Room,Outdated,Luxury/Comfort,None,Learn More,None,None,Pride/Home Upgrade,No Logo,None,Mid,Warm,Body No Face,N,N,N,N,N
MediaGO,MediaGo Asset 2,24915001,Luxury Replacement Windows That Elevate Every Room,Outdated,Luxury/Comfort,None,Learn More,None,None,Pride/Home Upgrade,No Logo,None,Mid,Warm,Body No Face,N,N,N,Y,N
MediaGO,MediaGo Asset 1,24915304,${LOCATION_CITY} : How Much Does It Cost To Replace Old Windows?,Cost/Price,Affordability,None,Learn More,None,None,Curiosity/Exploratory,No Logo,None,Mid,Warm,Body No Face,N,N,N,N,N
MediaGO,MediaGo Asset 2,24915303,${LOCATION_CITY} : How Much Does It Cost To Replace Old Windows?,Cost/Price,Affordability,None,Learn More,None,None,Curiosity/Exploratory,No Logo,None,Mid,Warm,Body No Face,N,N,N,N,N
MediaGO,Dark before and after,25113750,${LOCATION_CITY} : How Much Does It Cost To Replace Old Windows?,Cost/Price,Affordability,None,Learn More,None,None,Curiosity/Exploratory,No Logo,None,High,Warm,None,N,N,N,N,N
MediaGO,MediaGo Asset 2,25113754,${LOCATION_CITY} : How Much Does It Cost To Replace Old Windows?,Cost/Price,Affordability,None,Learn More,None,None,Curiosity/Exploratory,No Logo,None,Mid,Warm,Body No Face,N,N,N,Y,N
MediaGO,Dark before and after,25113752,Here's What Windows Should Cost You in 2025,Cost/Price,Affordability,None,Learn More,None,None,Curiosity/Exploratory,No Logo,None,High,Warm,None,Y,N,N,N,N
MediaGO,image,25113753,Here's What Windows Should Cost You in 2025,Cost/Price,Affordability,None,Learn More,None,None,Curiosity/Exploratory,No Logo,None,Mid,Warm,Face Subtle,Y,N,N,N,N
MediaGO,MediaGo Asset 1,25113755,${LOCATION_CITY} : How Much Does It Cost To Replace Old Windows?,Cost/Price,Affordability,None,Learn More,None,None,Curiosity/Exploratory,No Logo,None,Mid,Cool,Body No Face,N,N,N,N,N
MediaGO,image,25113751,${LOCATION_CITY} : How Much Does It Cost To Replace Old Windows?,Cost/Price,Affordability,None,Learn More,None,None,Curiosity/Exploratory,No Logo,None,Mid,Cool,Body No Face,N,N,N,N,N
MediaGO,MediaGo Asset 2,25113756,Here's What Windows Should Cost You in 2025,Cost/Price,Affordability,None,Learn More,None,None,Curiosity/Exploratory,No Logo,None,Mid,Warm,Body No Face,N,N,N,N,N
MediaGO,MediaGo Asset 1,25113757,Here's What Windows Should Cost You in 2025,Cost/Price,Affordability,None,Learn More,None,None,Curiosity/Exploratory,No Logo,None,Mid,Cool,Body No Face,N,N,N,N,N
MediaGO,MediaGo Asset 2,25113634,${LOCATION_CITY} : How Much Does It Cost To Replace Old Windows?,Cost/Price,Affordability,None,Learn More,None,None,Curiosity/Exploratory,No Logo,None,Mid,Warm,Body No Face,N,N,Y,Y,N
MediaGO,MediaGo Asset 1,25113635,${LOCATION_CITY} : How Much Does It Cost To Replace Old Windows?,Cost/Price,Affordability,None,Learn More,None,None,Curiosity/Exploratory,No Logo,None,Mid,Cool,Body No Face,N,N,N,N,N
MediaGO,image,25113633,Here's What Windows Should Cost You in 2025,Cost/Price,Affordability,None,Learn More,None,None,Curiosity/Exploratory,No Logo,None,Mid,Warm,Body No Face,N,N,N,N,N
MediaGO,image,25113632,${LOCATION_CITY} : How Much Does It Cost To Replace Old Windows?,Cost/Price,Affordability,None,Learn More,None,None,Curiosity/Exploratory,No Logo,None,Low,Warm,Body No Face,N,N,N,N,N
MediaGO,image (5),25519953,Here's What New Windows Should Cost You in 2025,Cost/Price,Affordability,None,Learn More,None,None,Curiosity/Exploratory,No Logo,None,Mid,Cool,None,N,N,N,N,N
MediaGO,image (5),25519945,Here's Why These New Windows Are Trending in ${LOCATION_STATE},Outdated,Beauty/Modernization,None,Learn More,None,None,Curiosity/Exploratory,No Logo,None,Mid,Cool,None,N,N,N,N,N
MediaGO,image (5),25519949,Affordably Luxury Windows Are Finally Available In ${LOCATION_STATE},Outdated,Luxury/Comfort,None,Learn More,None,None,Pride/Home Upgrade,No Logo,None,Mid,Cool,None,N,N,N,N,N
MediaGO,window wall,25519948,Here's Why These New Windows Are Trending in ${LOCATION_STATE},Outdated,Beauty/Modernization,None,Learn More,None,None,Curiosity/Exploratory,No Logo,None,High,Warm,None,N,N,N,N,N
MediaGO,Fitting window,25519950,Affordably Luxury Windows Are Finally Available In ${LOCATION_STATE},Outdated,Luxury/Comfort,None,Learn More,None,None,Pride/Home Upgrade,No Logo,None,Mid,Cool,Body No Face,N,N,N,N,N
MediaGO,window wall,25519956,Here's What New Windows Should Cost You in 2025,Cost/Price,Affordability,None,Learn More,None,None,Curiosity/Exploratory,No Logo,None,Mid,Warm,None,N,N,N,N,N
MediaGO,Fitting window,25519958,${LOCATION_STATE}: Stunning Windows Cutting Noise & Energy Bills Now Available,High Bills,Energy Efficiency,None,Learn More,None,None,Relief/Comfort,No Logo,None,Mid,Warm,Body No Face,N,N,N,N,N
MediaGO,New window carry,25519947,Here's Why These New Windows Are Trending in ${LOCATION_STATE},Outdated,Beauty/Modernization,None,Learn More,None,None,Curiosity/Exploratory,No Logo,None,Mid,Cool,Body No Face,N,N,N,N,N
MediaGO,Fitting window,25519954,Here's What New Windows Should Cost You in 2025,Cost/Price,Affordability,None,Learn More,None,None,Curiosity/Exploratory,No Logo,None,Mid,Warm,Body No Face,N,N,N,N,N
MediaGO,window wall,25519952,Affordably Luxury Windows Are Finally Available In ${LOCATION_STATE},Outdated,Luxury/Comfort,None,Learn More,None,None,Pride/Home Upgrade,No Logo,None,High,Cool,None,N,N,N,N,Y
MediaGO,window wall,25519960,${LOCATION_STATE}: Stunning Windows Cutting Noise & Energy Bills Now Available,High Bills,Energy Efficiency,None,Learn More,None,None,Relief/Comfort,No Logo,None,Mid,Cool,None,N,N,N,N,N
MediaGO,New window carry,25519955,Here's What New Windows Should Cost You in 2025,Cost/Price,Affordability,None,Learn More,None,None,Curiosity/Exploratory,No Logo,None,Mid,Warm,Body No Face,Y,N,N,N,N
MediaGO,Fitting window,25519946,Here's Why These New Windows Are Trending in ${LOCATION_STATE},Outdated,Beauty/Modernization,None,Learn More,None,None,Curiosity/Exploratory,No Logo,None,High,Cool,Body No Face,N,N,N,N,N
MediaGO,New window carry,25519951,Affordably Luxury Windows Are Finally Available In ${LOCATION_STATE},Outdated,Luxury/Comfort,None,Learn More,None,None,Pride/Home Upgrade,No Logo,None,Mid,Warm,Body No Face,N,N,N,Y,N
MediaGO,image (5),25519957,${LOCATION_STATE}: Stunning Windows Cutting Noise & Energy Bills Now Available,High Bills,Energy Efficiency,None,Learn More,None,None,Relief/Comfort,No Logo,None,Mid,Cool,None,N,N,N,Y,N
MediaGO,New window carry,25519959,${LOCATION_STATE}: Stunning Windows Cutting Noise & Energy Bills Now Available,High Bills,Energy Efficiency,None,Learn More,None,None,Relief/Comfort,No Logo,None,Mid,Cool,Body No Face,N,N,N,Y,N
MediaGO,image (5),25520042,Here's Why These New Windows Are Trending in ${LOCATION_STATE},Outdated,Beauty/Modernization,None,Learn More,None,None,Curiosity/Exploratory,No Logo,None,Mid,Cool,None,N,N,N,N,N
MediaGO,image (5),25520050,Here's What New Windows Should Cost You in 2025,Cost/Price,Affordability,None,Learn More,None,None,Curiosity/Exploratory,No Logo,None,Low,Cool,None,N,N,N,N,N
MediaGO,image (5),25520046,Affordably Luxury Windows Are Finally Available In ${LOCATION_STATE},Outdated,Luxury/Comfort,None,Learn More,None,None,Pride/Home Upgrade,No Logo,None,Mid,Cool,None,N,N,N,N,N
MediaGO,window wall,25520055,${LOCATION_STATE}: Stunning Windows Cutting Noise & Energy Bills Now Available,High Bills,Energy Efficiency,None,Learn More,None,None,Relief/Comfort,No Logo,None,Mid,Cool,None,N,N,N,Y,N
MediaGO,Fitting window,25520052,Here's What New Windows Should Cost You in 2025,Cost/Price,Affordability,None,Learn More,None,None,Curiosity/Exploratory,No Logo,None,Mid,Warm,Body No Face,N,N,N,N,N
MediaGO,image (5),25520054,${LOCATION_STATE}: Stunning Windows Cutting Noise & Energy Bills Now Available,High Bills,Energy Efficiency,None,Learn More,None,None,Relief/Comfort,No Logo,None,Low,Cool,None,N,N,N,N,N
MediaGO,window wall,25520047,Affordably Luxury Windows Are Finally Available In ${LOCATION_STATE},Outdated,Luxury/Comfort,None,Learn More,None,None,Pride/Home Upgrade,No Logo,None,High,Cool,None,N,N,N,N,N
MediaGO,window wall,25520051,Here's What New Windows Should Cost You in 2025,Cost/Price,Affordability,None,Learn More,None,None,Curiosity/Exploratory,No Logo,None,Mid,Warm,None,Y,N,N,N,N
MediaGO,Fitting window,25520056,${LOCATION_STATE}: Stunning Windows Cutting Noise & Energy Bills Now Available,High Bills,Energy Efficiency,None,Learn More,None,None,Relief/Comfort,No Logo,None,Mid,Warm,Body No Face,N,N,N,N,N
MediaGO,window wall,25520043,Here's Why These New Windows Are Trending in ${LOCATION_STATE},Outdated,Beauty/Modernization,None,Learn More,None,None,Curiosity/Exploratory,No Logo,None,High,Cool,None,N,N,N,N,N
MediaGO,New window carry,25520053,Here's What New Windows Should Cost You in 2025,Cost/Price,Affordability,None,Learn More,None,None,Curiosity/Exploratory,No Logo,None,Mid,Cool,Body No Face,N,N,N,Y,N
MediaGO,New window carry,25520045,Here's Why These New Windows Are Trending in ${LOCATION_STATE},Outdated,Beauty/Modernization,None,Learn More,None,None,Curiosity/Exploratory,No Logo,None,Mid,Cool,Body No Face,N,N,N,Y,N
MediaGO,Fitting window,25520044,Here's Why These New Windows Are Trending in ${LOCATION_STATE},Outdated,Beauty/Modernization,None,Learn More,None,None,Curiosity/Exploratory,No Logo,None,Mid,Warm,Body No Face,N,N,N,N,N
MediaGO,Fitting window,25520048,Affordably Luxury Windows Are Finally Available In ${LOCATION_STATE},Outdated,Luxury/Comfort,None,Learn More,None,None,Pride/Home Upgrade,No Logo,None,Mid,Warm,Body No Face,N,N,N,N,N
MediaGO,New window carry,25520057,${LOCATION_STATE}: Stunning Windows Cutting Noise & Energy Bills Now Available,High Bills,Energy Efficiency,None,Learn More,None,None,Relief/Comfort,No Logo,None,Mid,Warm,Body No Face,N,N,N,N,N
MediaGO,New window carry,25520049,Affordably Luxury Windows Are Finally Available In ${LOCATION_STATE},Outdated,Luxury/Comfort,None,Learn More,None,None,Pride/Home Upgrade,No Logo,None,,,Body No Face,,,,,
MediaGO,image (5),25519197,Cut Energy Bills & Noise with These Affordable American-Made Replacement Windows,High Bills,Energy Efficiency,None,Learn More,None,None,Relief/Comfort,No Logo,None,Low,Cool,None,N,N,N,Y,N
MediaGO,image (5),25519200,Here's Why These New Windows Are Trending in ${LOCATION_STATE},Outdated,Beauty/Modernization,None,Learn More,None,None,Curiosity/Exploratory,No Logo,None,Mid,Cool,None,N,N,N,N,N
MediaGO,image (5),25519194,"Buy 2 Windows, Get 2 FREE*",Cost/Price,Affordability,BOGO,Learn More,None,None,Urgency/FOMO,No Logo,None,Mid,Warm,None,Y,N,N,Y,N
MediaGO,window peel compressed,25716255,Here's Why These New Windows Are Trending in ${LOCATION_CITY},Outdated,Beauty/Modernization,None,Learn More,None,None,Curiosity/Exploratory,No Logo,None,Mid,Warm,Body No Face,N,N,N,N,N
MediaGO,window carry compressed,25716256,Here's Why These New Windows Are Trending in ${LOCATION_CITY},Outdated,Beauty/Modernization,None,Learn More,None,None,Curiosity/Exploratory,No Logo,None,Mid,Cool,Body No Face,N,N,N,N,N
MediaGO,beautiful windows compressed,25716257,${LOCATION_CITY}: Stunning Windows Cutting Noise & Energy Bills Now Available,High Bills,Energy Efficiency,None,Learn More,None,None,Relief/Comfort,No Logo,None,Mid,Cool,None,N,N,N,N,N
MediaGO,window peel compressed,25716258,${LOCATION_CITY}: Stunning Windows Cutting Noise & Energy Bills Now Available,High Bills,Energy Efficiency,None,Learn More,None,None,Relief/Comfort,No Logo,None,Mid,Cool,Body No Face,N,N,N,N,N
MediaGO,beautiful windows compressed,25716254,Here's Why These New Windows Are Trending in ${LOCATION_CITY},Outdated,Beauty/Modernization,None,Learn More,None,None,Curiosity/Exploratory,No Logo,None,Mid,Cool,None,N,N,N,N,N
MediaGO,window carry compressed,25716259,${LOCATION_CITY}: Stunning Windows Cutting Noise & Energy Bills Now Available,High Bills,Energy Efficiency,None,Learn More,None,None,Relief/Comfort,No Logo,None,Mid,Cool,None,N,N,N,N,N
MediaGO,beautiful windows compressed,25716236,${LOCATION_CITY}: Stunning Windows Cutting Noise & Energy Bills Now Available,High Bills,Energy Efficiency,None,Learn More,None,None,Relief/Comfort,No Logo,None,Mid,Cool,None,N,N,N,N,N
MediaGO,window carry compressed,25716238,${LOCATION_CITY}: Stunning Windows Cutting Noise & Energy Bills Now Available,High Bills,Energy Efficiency,None,Learn More,None,None,Relief/Comfort,No Logo,None,Mid,Warm,Body No Face,N,N,N,Y,N
MediaGO,window peel compressed,25716237,${LOCATION_CITY}: Stunning Windows Cutting Noise & Energy Bills Now Available,High Bills,Energy Efficiency,None,Learn More,None,None,Relief/Comfort,No Logo,None,Mid,Cool,Body No Face,N,N,N,Y,N
MediaGO,beautiful windows compressed,25716233,Here's Why These New Windows Are Trending in ${LOCATION_CITY},Outdated,Beauty/Modernization,None,Learn More,None,None,Curiosity/Exploratory,No Logo,None,Mid,Warm,None,N,N,N,N,N
MediaGO,window peel compressed,25716234,Here's Why These New Windows Are Trending in ${LOCATION_CITY},Outdated,Beauty/Modernization,None,Learn More,None,None,Curiosity/Exploratory,No Logo,None,Mid,Cool,Body No Face,N,N,N,N,N
MediaGO,window carry compressed,25716235,Here's Why These New Windows Are Trending in ${LOCATION_CITY},Outdated,Beauty/Modernization,None,Learn More,None,None,Curiosity/Exploratory,No Logo,None,Mid,Cool,Body No Face,N,N,N,N,N
MediaGO,New window carry,26156740,"${LOCATION_CITY}: Finally, Stunning New Windows Reducing Noise & Energy Bills",High Bills,Energy Efficiency,None,Learn More,None,None,Relief/Comfort,No Logo,None,Mid,Cool,Body No Face,N,N,N,Y,N
MediaGO,New window carry,26156743,Here's Why These Brilliant Windows Are Sweeping The U.S. In 2025,Outdated,Beauty/Modernization,None,Learn More,None,None,Curiosity/Exploratory,No Logo,None,High,Cool,Body No Face,N,N,N,Y,N
MediaGO,mid install window,26156739,${LOCATION_CITY}: How Much Does It Cost To Replace Old Windows?,Cost/Price,Affordability,None,Learn More,None,None,Curiosity/Exploratory,No Logo,None,Mid,Warm,Body No Face,N,N,N,N,N
MediaGO,mid install window,26156742,"${LOCATION_CITY}: Finally, Stunning New Windows Reducing Noise & Energy Bills",High Bills,Energy Efficiency,None,Learn More,None,None,Relief/Comfort,No Logo,None,Mid,Warm,Body No Face,N,N,N,N,Y
MediaGO,mid install window,26156745,Here's Why These Brilliant Windows Are Sweeping The U.S. In 2025,Outdated,Beauty/Modernization,None,Learn More,None,None,Curiosity/Exploratory,No Logo,None,Mid,Cool,Body No Face,N,N,N,N,N
MediaGO,mid install candid,26156738,${LOCATION_CITY}: How Much Does It Cost To Replace Old Windows?,Cost/Price,Affordability,None,Learn More,None,None,Curiosity/Exploratory,No Logo,None,Mid,Cool,Body No Face,,,,,
MediaGO,mid install candid,26156744,Here's Why These Brilliant Windows Are Sweeping The U.S. In 2025,Outdated,Beauty/Modernization,None,Learn More,None,None,Curiosity/Exploratory,No Logo,None,Mid,Cool,Body No Face,N,N,N,N,N
MediaGO,mid install candid,26156741,"${LOCATION_CITY}: Finally, Stunning New Windows Reducing Noise & Energy Bills",High Bills,Energy Efficiency,None,Learn More,None,None,Relief/Comfort,No Logo,None,Mid,Warm,Body No Face,N,N,N,N,Y
MediaGO,New window carry,26156737,${LOCATION_CITY}: How Much Does It Cost To Replace Old Windows?,Cost/Price,Affordability,None,Learn More,None,None,Curiosity/Exploratory,No Logo,None,High,Cool,Body No Face,N,N,N,N,N
MediaGO,92180d282b85ad3015ca2dcc9452a2b4__scv1__624x350,26349773,${LOCATION_CITY}: How Much Does It Cost To Replace Old Windows?,Cost/Price,Affordability,None,Learn More,None,None,Curiosity/Exploratory,No Logo,None,Mid,Warm,Body No Face,N,N,N,N,N
MediaGO,New window carry,26349774,Here's How Much You Should Pay for New Windows in 2025,Cost/Price,Affordability,None,Learn More,None,None,Curiosity/Exploratory,No Logo,None,Mid,Warm,Body No Face,Y,N,N,N,N
MediaGO,92180d282b85ad3015ca2dcc9452a2b4__scv1__624x350,26349775,Here's How Much You Should Pay for New Windows in 2025,Cost/Price,Affordability,None,Learn More,None,None,Curiosity/Exploratory,No Logo,None,Mid,Warm,Body No Face,Y,N,Y,Y,N
MediaGO,New window carry,26349776,Here's Why These Brilliant Windows Are Sweeping The U.S. In 2025,Outdated,Beauty/Modernization,None,Learn More,None,None,Curiosity/Exploratory,No Logo,None,High,Cool,Body No Face,N,N,N,N,N
MediaGO,92180d282b85ad3015ca2dcc9452a2b4__scv1__624x350,26349777,Here's Why These Brilliant Windows Are Sweeping The U.S. In 2025,Outdated,Beauty/Modernization,None,Learn More,None,None,Curiosity/Exploratory,No Logo,None,Mid,Warm,Body No Face,N,N,N,N,N
MediaGO,New window carry,26349772,${LOCATION_CITY}: How Much Does It Cost To Replace Old Windows?,Cost/Price,Affordability,None,Learn More,None,None,Curiosity/Exploratory,No Logo,None,Mid,Warm,Face Subtle,N,N,N,N,N
MediaGO,image (7),26349778,${LOCATION_CITY} : How Much Does It Cost To Replace Old Windows?,Cost/Price,Affordability,None,Learn More,None,None,Curiosity/Exploratory,No Logo,None,High,Warm,Body No Face,N,N,N,Y,N
MediaGO,image (7),26349779,Here's Why These Brilliant Windows Are Sweeping The U.S. In 2025,Outdated,Beauty/Modernization,None,Learn More,None,None,Curiosity/Exploratory,No Logo,None,Mid,Warm,Body No Face,N,N,N,N,N
MediaGO,image (7),26349663,${LOCATION_CITY} : How Much Does It Cost To Replace Old Windows?,Cost/Price,Affordability,None,Learn More,None,None,Curiosity/Exploratory,No Logo,None,Mid,Warm,Body No Face,N,N,N,N,N
MediaGO,image (7),26349664,Here's Why These Brilliant Windows Are Sweeping The U.S. In 2025,Outdated,Beauty/Modernization,None,Learn More,None,None,Curiosity/Exploratory,No Logo,None,Mid,Warm,Body No Face,N,N,N,N,N
MediaGO,image (7),26446565,Here's How Much New Windows Should Cost In 2025,Cost/Price,Affordability,None,Learn More,None,None,Curiosity/Exploratory,No Logo,None,Mid,Warm,Body No Face,Y,N,N,N,N
MediaGO,New window carry,26446564,Here's How Much New Windows Should Cost In 2025,Cost/Price,Affordability,None,Learn More,None,None,Curiosity/Exploratory,No Logo,None,Mid,Cool,Body No Face,N,N,N,N,N
MediaGO,New window carry,26446566,${LOCATION_CITY}: Here's How Much New Windows Should Cost,Cost/Price,Affordability,None,Learn More,None,None,Curiosity/Exploratory,No Logo,None,Mid,Cool,Body No Face,N,N,N,N,N
MediaGO,image (8),26446569,${LOCATION_CITY}: How Much Does It Cost To Replace Old Windows?,Cost/Price,Affordability,None,Learn More,None,None,Curiosity/Exploratory,No Logo,None,Mid,Warm,Body No Face,N,N,N,Y,N
MediaGO,image (7),26446567,${LOCATION_CITY}: Here's How Much New Windows Should Cost,Cost/Price,Affordability,None,Learn More,None,None,Curiosity/Exploratory,No Logo,None,Mid,Warm,Body No Face,Y,N,N,N,N
MediaGO,image (8),26446568,Here's How Much New Windows Should Cost In 2025,Cost/Price,Affordability,None,Learn More,None,None,Curiosity/Exploratory,No Logo,None,Mid,Cool,Body No Face,N,N,N,N,N
Taboola-Gutters,gutters_v19,4179322549,Here's the Average Price of a 6-Hour Gutter Guards Upgrade,Cost/Price,Affordability,None,Learn More,None,None,Curiosity/Exploratory,No Logo,None,Mid,Cool,Body No Face,N,N,N,N,N
Taboola-Gutters,gutters_v16,4179322550,Here's the Average Price of a 6-Hour Gutter Guards Upgrade,Cost/Price,Affordability,None,Learn More,None,None,Curiosity/Exploratory,No Logo,None,Mid,Cool,Body No Face,Y,N,N,N,N
Taboola-Gutters,gutters_v20,4179322551,Here's the Average Price of a 6-Hour Gutter Guards Upgrade,Cost/Price,Affordability,None,Learn More,None,None,Curiosity/Exploratory,No Logo,None,Mid,Cool,Body No Face,N,N,N,N,N
Taboola-Gutters,gutters_v21,4179322552,${city:capitalized}$: Affordable New Gutter Systems Available in These ZIPs,Cost/Price,Affordability,None,Learn More,None,None,Curiosity/Exploratory,No Logo,None,Mid,Cool,Body No Face,N,N,Y,N,N
Taboola-Gutters,gutters_v22,4179322554,${city:capitalized}$: Affordable New Gutter Systems Available in These ZIPs,Cost/Price,Affordability,None,Learn More,None,None,Curiosity/Exploratory,No Logo,None,Mid,Cool,Body No Face,N,N,Y,N,N
Taboola-Gutters,gutters_v17,4179322556,${city:capitalized}$: Affordable New Gutter Systems Available in These ZIPs,Cost/Price,Affordability,None,Learn More,None,None,Curiosity/Exploratory,No Logo,None,Mid,Cool,Body No Face,N,N,Y,N,N
Taboola-Gutters,gutters_v23,4179322558,The Surprising Cost of a New Gutter System in 2025,Cost/Price,Affordability,None,Learn More,None,None,Curiosity/Exploratory,No Logo,None,Mid,Cool,Body No Face,,,,,
Taboola-Gutters,gutters_v18,4179322559,The Surprising Cost of a New Gutter System in 2025,Cost/Price,Affordability,None,Learn More,None,None,Curiosity/Exploratory,No Logo,None,Mid,Cool,Body No Face,N,N,Y,N,N
Taboola-Gutters,gutters_v24,4179322562,The Surprising Cost of a New Gutter System in 2025,Cost/Price,Affordability,None,Learn More,None,None,Curiosity/Exploratory,No Logo,None,Mid,Warm,Body No Face,N,N,N,N,N
Taboola-Gutters,gutters_v8,4179364555,Here's the Average Price of a 6-Hour Gutter Guards Upgrade,Cost/Price,Affordability,None,Learn More,None,None,Curiosity/Exploratory,No Logo,None,Mid,Cool,Body No Face,N,N,N,N,N
Taboola-Gutters,gutters_v7,4179364556,Here's the Average Price of a 6-Hour Gutter Guards Upgrade,Cost/Price,Affordability,None,Learn More,None,None,Curiosity/Exploratory,No Logo,None,Mid,Cool,Body No Face,N,N,N,N,N
Taboola-Gutters,gutters_v9,4179364557,Here's the Average Price of a 6-Hour Gutter Guards Upgrade,Cost/Price,Affordability,None,Learn More,None,None,Curiosity/Exploratory,No Logo,None,Mid,Cool,Body No Face,Y,N,N,N,N
Taboola-Gutters,gutters_v10,4179364558,${city:capitalized}$: Affordable New Gutter Systems Available in These ZIPs,Cost/Price,Affordability,None,Learn More,None,None,Curiosity/Exploratory,No Logo,None,Mid,Cool,Body No Face,N,N,Y,N,N
Taboola-Gutters,gutters_v11,4179364559,${city:capitalized}$: Affordable New Gutter Systems Available in These ZIPs,Cost/Price,Affordability,None,Learn More,None,None,Curiosity/Exploratory,No Logo,None,Mid,Cool,Body No Face,N,N,Y,N,N
Taboola-Gutters,gutters_v12,4179364560,${city:capitalized}$: Affordable New Gutter Systems Available in These ZIPs,Cost/Price,Affordability,None,Learn More,None,None,Curiosity/Exploratory,No Logo,None,Mid,Cool,Body No Face,N,N,Y,N,N
Taboola-Gutters,gutters_v13,4179364561,The Surprising Cost of a New Gutter System in 2025,Cost/Price,Affordability,None,Learn More,None,None,Curiosity/Exploratory,No Logo,None,Mid,Cool,Body No Face,,,,,
Taboola-Gutters,gutters_v14,4179364562,The Surprising Cost of a New Gutter System in 2025,Cost/Price,Affordability,None,Learn More,None,None,Curiosity/Exploratory,No Logo,None,Mid,Cool,Face Subtle,N,N,N,N,N
Taboola-Gutters,gutters_v15,4179364563,The Surprising Cost of a New Gutter System in 2025,Cost/Price,Affordability,None,Learn More,None,None,Curiosity/Exploratory,No Logo,None,Mid,Cool,Body No Face,N,N,N,N,N
Taboola-Gutters,gutters_v25,4179411973,Here's the Average Price of a 6-Hour Gutter Guards Upgrade,Cost/Price,Affordability,None,Learn More,None,None,Curiosity/Exploratory,No Logo,None,Mid,Cool,Body No Face,Y,N,N,N,N
Taboola-Gutters,gutters_v26,4179412245,The Surprising Cost of a New Gutter System in 2025,Cost/Price,Affordability,None,Learn More,None,None,Curiosity/Exploratory,No Logo,None,High,Cool,Body No Face,N,N,N,N,N
Taboola-Gutters,gutters_v27,4179412289,${city:capitalized}$: Affordable New Gutter Systems Available in These ZIPs,Cost/Price,Affordability,None,Learn More,None,None,Curiosity/Exploratory,No Logo,None,High,Cool,Body No Face,N,N,Y,Y,N
Taboola-Gutters,gutters_v6,4179414097,Here's the Average Price of a 6-Hour Gutter Guards Upgrade,Cost/Price,Affordability,None,Learn More,None,None,Curiosity/Exploratory,No Logo,None,Mid,Cool,Face Subtle,N,N,N,N,N
Taboola-Gutters,gutters_v3,4179414159,${city:capitalized}$: Affordable New Gutter Systems Available in These ZIPs,Cost/Price,Affordability,None,Learn More,None,None,Curiosity/Exploratory,No Logo,None,Mid,Cool,Body No Face,N,N,Y,N,N
Taboola-Gutters,gutters_v1,4179414212,The Surprising Cost of a New Gutter System in 2025,Cost/Price,Affordability,None,Learn More,None,None,Curiosity/Exploratory,No Logo,None,Mid,Cool,Body No Face,N,N,N,N,N
Taboola-Gutters,gutters_v28,4179429459,Here's the Average Price of a 6-Hour Gutter Guards Upgrade,Cost/Price,Affordability,None,Learn More,None,None,Curiosity/Exploratory,No Logo,None,Mid,Cool,Face Subtle,N,N,N,N,N
Taboola-Gutters,gutters_v29,4179429645,Here's the Average Price of a 6-Hour Gutter Guards Upgrade,Cost/Price,Affordability,None,Learn More,None,None,Curiosity/Exploratory,No Logo,None,Mid,Cool,Face Subtle,N,N,N,N,N
Taboola-Gutters,gutters_v30,4179429704,${city:capitalized}$: Affordable New Gutter Systems Available in These ZIPs,Cost/Price,Affordability,None,Learn More,None,None,Curiosity/Exploratory,No Logo,None,Mid,Cool,Face Subtle,N,N,Y,N,N
Taboola-Gutters,gutters_v2,4179429974,The Surprising Cost of a New Gutter System in 2025,Cost/Price,Affordability,None,Learn More,None,None,Curiosity/Exploratory,No Logo,None,Mid,Cool,Face Subtle,,,,,
Taboola-Gutters,gutters_v4,4179430004,${city:capitalized}$: Affordable New Gutter Systems Available in These ZIPs,Cost/Price,Affordability,None,Learn More,None,None,Curiosity/Exploratory,No Logo,None,Mid,Cool,Face Subtle,N,N,Y,N,N
Taboola-Gutters,gutters_v5,4179430065,Here's the Average Price of a 6-Hour Gutter Guards Upgrade,Cost/Price,Affordability,None,Learn More,None,None,Curiosity/Exploratory,No Logo,None,Mid,Cool,Face Subtle,N,N,N,N,N
Taboola-Windows,windows_v3,4178992969,Here's What Windows Should Cost You in 2025,Cost/Price,Affordability,None,Learn More,None,None,Curiosity/Exploratory,No Logo,None,Mid,Cool,Face Subtle,,,,,
Taboola-Windows,windows_v2,4178992968,Here's What Windows Should Cost You in 2025,Cost/Price,Affordability,None,Learn More,None,None,Curiosity/Exploratory,No Logo,None,Mid,Cool,Face Subtle,,,,,
Taboola-Windows,windows_v1,4178992967,Here's What Windows Should Cost You in 2025,Cost/Price,Affordability,None,Learn More,None,None,Curiosity/Exploratory,No Logo,None,Mid,Cool,Face Subtle,,,,,
Taboola-Windows,windows_v7,4178992973,Here's Why These New Windows Are Trending in ${city:capitalized}$,Outdated,Beauty/Modernization,None,Learn More,None,None,Curiosity/Exploratory,No Logo,None,Mid,Cool,None,N,N,N,N,N
Taboola-Windows,windows_v9,4178992975,Here's Why These New Windows Are Trending in ${city:capitalized}$,Outdated,Beauty/Modernization,None,Learn More,None,None,Curiosity/Exploratory,No Logo,None,Mid,Cool,None,N,N,N,N,N
Taboola-Gutters,gutters_v37,4184294323,The Surprising Cost of a New Gutter System in 2025,Cost/Price,Affordability,None,Learn More,None,None,Curiosity/Exploratory,No Logo,None,Mid,Cool,None,,,,,
Taboola-Windows,windows_v10,4184304813,Here's What Windows Should Cost You in 2025,Cost/Price,Affordability,None,Learn More,None,None,Curiosity/Exploratory,No Logo,None,Mid,Cool,None,,,,,
Taboola-Windows,windows_v8,4178992974,Here's Why These New Windows Are Trending in ${city:capitalized}$,Outdated,Beauty/Modernization,None,Learn More,None,None,Curiosity/Exploratory,No Logo,None,Mid,Cool,None,N,N,N,N,N
Taboola-Gutters,gutters_v33,4184294314,Here's the Average Price of a 6-Hour Gutter Guards Upgrade,Cost/Price,Affordability,None,Learn More,None,None,Curiosity/Exploratory,No Logo,None,Mid,Cool,Body No Face,Y,N,N,N,N
Taboola-Gutters,gutters_v34,4184294315,Here's the Average Price of a 6-Hour Gutter Guards Upgrade,Cost/Price,Affordability,None,Learn More,None,None,Curiosity/Exploratory,No Logo,None,Mid,Cool,Body No Face,Y,N,N,N,N
Taboola-Gutters,gutters_v35,4184294318,${city:capitalized}$: Affordable New Gutter Systems Available in These ZIPs,Cost/Price,Affordability,None,Learn More,None,None,Curiosity/Exploratory,No Logo,None,Mid,Cool,Face Subtle,N,N,Y,N,N
Taboola-Gutters,gutters_v36,4184294319,${city:capitalized}$: Affordable New Gutter Systems Available in These ZIPs,Cost/Price,Affordability,None,Learn More,None,None,Curiosity/Exploratory,No Logo,None,Mid,Cool,Body No Face,N,N,Y,N,N
Taboola-Windows,windows_v11,4184304818,Here's What Windows Should Cost You in 2025,Cost/Price,Affordability,None,Learn More,None,None,Curiosity/Exploratory,No Logo,None,Mid,Cool,Body No Face,,,,,
Taboola-Windows,windows_v12,4184304819,Here's What Windows Should Cost You in 2025,Cost/Price,Affordability,None,Learn More,None,None,Curiosity/Exploratory,No Logo,None,Mid,Cool,Body No Face,,,,,
Taboola-Windows,windows_v16,4184304823,Here's Why These New Windows Are Trending in ${city:capitalized}$,Outdated,Beauty/Modernization,None,Learn More,None,None,Curiosity/Exploratory,No Logo,None,Mid,Cool,None,N,N,N,N,N
Taboola-Windows,windows_v17,4184304824,Here's Why These New Windows Are Trending in ${city:capitalized}$,Outdated,Beauty/Modernization,None,Learn More,None,None,Curiosity/Exploratory,No Logo,None,Mid,Cool,None,N,N,N,N,N
Taboola-Windows,windows_v18,4184304825,Here's Why These New Windows Are Trending in ${city:capitalized}$,Outdated,Beauty/Modernization,None,Learn More,None,None,Curiosity/Exploratory,No Logo,None,Mid,Cool,None,N,N,N,N,N
Taboola-Gutters,gutters_v31,4184295953,Here's the Average Price of a 6-Hour Gutter Guards Upgrade,Cost/Price,Affordability,None,Learn More,None,None,Curiosity/Exploratory,No Logo,None,Mid,Cool,Body No Face,N,N,N,N,N
Taboola-Gutters,gutters_v32,4184295954,${city:capitalized}$: Affordable New Gutter Systems Available in These ZIPs,Cost/Price,Affordability,None,Learn More,None,None,Curiosity/Exploratory,No Logo,None,High,Cool,Body No Face,N,N,Y,N,N
Taboola-Windows,windows_v4,4178992970,${city:capitalized}$: How Much Does It Cost To Replace Old Windows?,Cost/Price,Affordability,None,Learn More,None,None,Curiosity/Exploratory,No Logo,None,High,Cool,Body No Face,N,N,Y,N,N
Taboola-Windows,windows_v5,4178992971,${city:capitalized}$: How Much Does It Cost To Replace Old Windows?,Cost/Price,Affordability,None,Learn More,None,None,Curiosity/Exploratory,No Logo,None,High,Cool,Body No Face,N,N,Y,N,N
Taboola-Windows,windows_v6,4178992972,${city:capitalized}$: How Much Does It Cost To Replace Old Windows?,Cost/Price,Affordability,None,Learn More,None,None,Curiosity/Exploratory,No Logo,None,High,Cool,Body No Face,N,N,Y,N,N
Taboola-Windows,windows_v13,4184304820,${city:capitalized}$: How Much Does It Cost To Replace Old Windows?,Cost/Price,Affordability,None,Learn More,None,None,Curiosity/Exploratory,No Logo,None,High,Cool,Body No Face,N,N,Y,N,N
Taboola-Windows,windows_v15,4184304822,${city:capitalized}$: How Much Does It Cost To Replace Old Windows?,Cost/Price,Affordability,None,Learn More,None,None,Curiosity/Exploratory,No Logo,None,High,Cool,Body No Face,N,N,Y,N,N
Taboola-Windows,windows_v14,4184304821,${city:capitalized}$: How Much Does It Cost To Replace Old Windows?,Cost/Price,Affordability,None,Learn More,None,None,Curiosity/Exploratory,No Logo,None,High,Cool,Body No Face,N,N,Y,N,N
Taboola-Windows,windows_v35,4186768078,Here's Why These New Windows Are Trending in ${city:capitalized}$,Outdated,Beauty/Modernization,None,Learn More,None,None,Curiosity/Exploratory,No Logo,None,Mid,Cool,None,N,N,N,N,N
Taboola-Windows,windows_v34,4186768077,Here's Why These New Windows Are Trending in ${city:capitalized}$,Outdated,Beauty/Modernization,None,Learn More,None,None,Curiosity/Exploratory,No Logo,None,Mid,Cool,None,N,N,N,N,N
Taboola-Windows,windows_v31,4186768074,${city:capitalized}$: How Much Does It Cost To Replace Old Windows?,Cost/Price,Affordability,None,Learn More,None,None,Curiosity/Exploratory,No Logo,None,Mid,Cool,None,N,N,N,N,N
Taboola-Windows,windows_v27,4186766302,Here's Why These New Windows Are Trending in ${city:capitalized}$,Outdated,Beauty/Modernization,None,Learn More,None,None,Curiosity/Exploratory,No Logo,None,Mid,Cool,None,N,N,N,N,N
Taboola-Windows,windows_v26,4186766301,Here's Why These New Windows Are Trending in ${city:capitalized}$,Outdated,Beauty/Modernization,None,Learn More,None,None,Curiosity/Exploratory,No Logo,None,Mid,Cool,None,N,N,N,N,N
Taboola-Windows,windows_v25,4186766300,Here's Why These New Windows Are Trending in ${city:capitalized}$,Outdated,Beauty/Modernization,None,Learn More,None,None,Curiosity/Exploratory,No Logo,None,Mid,Cool,None,N,N,N,N,N
Taboola-Windows,windows_v24,4186766299,${city:capitalized}$: How Much Does It Cost To Replace Old Windows?,Cost/Price,Affordability,None,Learn More,None,None,Curiosity/Exploratory,No Logo,None,Mid,Cool,None,N,N,N,N,N
Taboola-Windows,windows_v23,4186766298,${city:capitalized}$: How Much Does It Cost To Replace Old Windows?,Cost/Price,Affordability,None,Learn More,None,None,Curiosity/Exploratory,No Logo,None,Mid,Cool,None,N,N,N,N,N
Taboola-Windows,windows_v22,4186766297,${city:capitalized}$: How Much Does It Cost To Replace Old Windows?,Cost/Price,Affordability,None,Learn More,None,None,Curiosity/Exploratory,No Logo,None,Mid,Cool,None,N,N,N,N,N
Taboola-Windows,windows_v21,4186766296,Here's What Windows Should Cost You in 2025,Cost/Price,Affordability,None,Learn More,None,None,Curiosity/Exploratory,No Logo,None,Mid,Cool,None,N,N,N,N,N
Taboola-Windows,windows_v20,4186766293,Here's What Windows Should Cost You in 2025,Cost/Price,Affordability,None,Learn More,None,None,Curiosity/Exploratory,No Logo,None,Mid,Cool,None,N,N,N,N,N
Taboola-Windows,windows_v19,4186766289,Here's What Windows Should Cost You in 2025,Cost/Price,Affordability,None,Learn More,None,None,Curiosity/Exploratory,No Logo,None,Mid,Cool,None,N,N,N,N,N